Date,Ingredient_ID,quantity_used,day_of_week,is_weekend,month,day_of_month,lag_1,lag_7,rolling_7_avg,rolling_30_avg
2026-06-23,I_001,7.7353,1,0,6,23,,,,
2026-06-24,I_001,7.817699999999999,2,0,6,24,7.7353,,7.7353,7.7353
2026-06-25,I_001,10.9077,3,0,6,25,7.817699999999999,,7.7764999999999995,7.7764999999999995
2026-06-26,I_001,10.4442,4,0,6,26,10.9077,,8.820233333333332,8.820233333333332
2026-06-27,I_001,14.6775,5,1,6,27,10.4442,,9.226225,9.226225
2026-06-28,I_001,11.124,6,1,6,28,14.6775,,10.31648,10.31648
2026-06-29,I_001,6.890700000000001,0,0,6,29,11.124,,10.451066666666668,10.451066666666668
2026-06-30,I_001,8.8477,1,0,6,30,6.890700000000001,7.7353,9.942442857142856,9.942442857142856
2026-07-01,I_001,7.725,2,0,7,1,8.8477,7.817699999999999,10.101357142857141,9.8056
2026-07-02,I_001,10.815,3,0,7,2,7.725,10.9077,10.088114285714285,9.574422222222221
2026-07-03,I_001,10.3515,4,0,7,3,10.815,10.4442,10.074871428571429,9.69848
2026-07-04,I_001,13.0398,5,1,7,4,10.3515,14.6775,10.061628571428571,9.757845454545453
2026-07-05,I_001,14.317,6,1,7,5,13.0398,11.124,9.82767142857143,10.031341666666666
2026-07-06,I_001,6.5817,0,0,7,6,14.317,6.890700000000001,10.283814285714286,10.361007692307691
2026-07-07,I_001,8.1679,1,0,7,7,6.5817,8.8477,10.239671428571429,10.091057142857142
2026-07-08,I_001,7.6529,2,0,7,8,8.1679,7.725,10.142557142857143,9.962846666666668
2026-07-09,I_001,9.785,3,0,7,9,7.6529,10.815,10.132257142857142,9.818475
2026-07-10,I_001,10.681099999999999,4,0,7,10,9.785,10.3515,9.985114285714285,9.81650588235294
2026-07-11,I_001,16.0577,5,1,7,11,10.681099999999999,13.0398,10.0322,9.86453888888889
2026-07-12,I_001,10.1764,6,1,7,12,16.0577,14.317,10.463328571428573,10.190494736842105
2026-07-13,I_001,8.837399999999999,0,0,7,13,10.1764,6.5817,9.871814285714285,10.189789999999999
2026-07-14,I_001,7.106999999999999,1,0,7,14,8.837399999999999,8.1679,10.194057142857144,10.125390476190475
2026-07-15,I_001,10.5163,2,0,7,15,7.106999999999999,7.6529,10.0425,9.988190909090909
2026-07-16,I_001,6.8701,3,0,7,16,10.5163,9.785,10.451557142857142,10.011152173913043
2026-07-17,I_001,13.2149,4,0,7,17,6.8701,10.681099999999999,10.035142857142857,9.880275
2026-07-18,I_001,13.7093,5,1,7,18,13.2149,16.0577,10.397114285714284,10.01366
2026-07-19,I_001,14.2449,6,1,7,19,13.7093,10.1764,10.061628571428571,10.1558
2026-07-20,I_001,8.5181,0,0,7,20,14.2449,8.837399999999999,10.642842857142856,10.30724814814815
2026-07-21,I_001,7.9104,1,0,7,21,8.5181,7.106999999999999,10.597228571428571,10.243350000000001
2026-07-22,I_001,8.7035,2,0,7,22,7.9104,10.5163,10.712,10.162903448275863
2026-07-23,I_001,9.3112,3,0,7,23,8.7035,6.8701,10.453028571428574,10.114256666666668
2026-07-24,I_001,10.5472,4,0,7,24,9.3112,13.2149,10.801757142857143,10.166786666666667
2026-07-25,I_001,14.9247,5,1,7,25,10.5472,13.7093,10.420657142857143,10.257769999999999
2026-07-26,I_001,12.8647,6,1,7,26,14.9247,14.2449,10.594285714285714,10.391670000000001
2026-07-27,I_001,8.4563,0,0,7,27,12.8647,8.5181,10.397114285714284,10.472353333333333
2026-07-28,I_001,8.1473,1,0,7,28,8.4563,7.9104,10.388285714285713,10.26498
2026-07-29,I_001,10.5472,2,0,7,29,8.1473,8.7035,10.422128571428571,10.165756666666669
2026-07-30,I_001,8.7344,3,0,7,30,10.5472,9.3112,10.685514285714286,10.28764
2026-07-31,I_001,10.9077,4,0,7,31,8.7344,10.5472,10.603114285714286,10.283863333333333
2026-08-01,I_001,12.8441,5,1,8,1,10.9077,14.9247,10.654614285714286,10.389953333333333
2026-08-02,I_001,13.8844,6,1,8,2,12.8441,12.8647,10.357385714285714,10.45759
2026-08-03,I_001,8.4975,0,0,8,3,13.8844,8.4563,10.503057142857143,10.575353333333334
2026-08-04,I_001,6.9113,1,0,8,4,8.4975,8.1473,10.508942857142857,10.423943333333334
2026-08-05,I_001,9.5275,2,0,8,5,6.9113,10.5472,10.33237142857143,10.177086666666666
2026-08-06,I_001,8.4872,3,0,8,6,9.5275,8.7344,10.1867,10.275280000000002
2026-08-07,I_001,10.712,4,0,8,7,8.4872,10.9077,10.151385714285714,10.285923333333333
2026-08-08,I_001,13.2046,5,1,8,8,10.712,12.8441,10.12342857142857,10.387893333333333
2026-08-09,I_001,10.815,6,1,8,9,13.2046,13.8844,10.17492857142857,10.50188
2026-08-10,I_001,7.8898,0,0,8,10,10.815,8.4975,9.736442857142858,10.506343333333335
2026-08-11,I_001,8.7241,1,0,8,11,7.8898,6.9113,9.64962857142857,10.23408
2026-08-12,I_001,8.034,2,0,8,12,8.7241,9.5275,9.908599999999998,10.18567
2026-08-13,I_001,6.9422,3,0,8,13,8.034,8.4872,9.695242857142857,10.158890000000001
2026-08-14,I_001,10.7429,4,0,8,14,6.9422,10.712,9.474528571428573,10.153396666666668
2026-08-15,I_001,13.1531,5,1,8,15,10.7429,13.2046,9.478942857142856,10.160949999999998
2026-08-16,I_001,11.2064,6,1,8,16,13.1531,10.815,9.471585714285714,10.370383333333333
2026-08-17,I_001,9.8056,0,0,8,17,11.2064,7.8898,9.5275,10.303433333333334
2026-08-18,I_001,7.7044,1,0,8,18,9.8056,8.7241,9.801185714285714,10.173309999999999
2026-08-19,I_001,8.3018,2,0,8,19,7.7044,8.034,9.655514285714286,9.955293333333334
2026-08-20,I_001,7.817699999999999,3,0,8,20,8.3018,6.9422,9.693771428571429,9.948083333333333
2026-08-21,I_001,10.9283,4,0,8,21,7.817699999999999,10.7429,9.818842857142856,9.944993333333334
2026-06-23,I_002,0.09682,1,0,6,23,,,,
2026-06-24,I_002,0.10300000000000001,2,0,6,24,0.09682,,0.09682,0.09682
2026-06-25,I_002,0.09682,3,0,6,25,0.10300000000000001,,0.09991,0.09991
2026-06-26,I_002,0.14420000000000002,4,0,6,26,0.09682,,0.09888000000000001,0.09888000000000001
2026-06-27,I_002,0.18952000000000002,5,1,6,27,0.14420000000000002,,0.11021,0.11021
2026-06-28,I_002,0.16686,6,1,6,28,0.18952000000000002,,0.12607200000000002,0.12607200000000002
2026-06-29,I_002,0.12566000000000002,0,0,6,29,0.16686,,0.13287000000000002,0.13287000000000002
2026-06-30,I_002,0.11948,1,0,6,30,0.12566000000000002,0.09682,0.13184,0.13184
2026-07-01,I_002,0.12978,2,0,7,1,0.11948,0.10300000000000001,0.13507714285714287,0.13029500000000002
2026-07-02,I_002,0.11124,3,0,7,2,0.12978,0.09682,0.13890285714285716,0.13023777777777779
2026-07-03,I_002,0.15038,4,0,7,3,0.11124,0.14420000000000002,0.14096285714285714,0.128338
2026-07-04,I_002,0.18128,5,1,7,4,0.15038,0.18952000000000002,0.1418457142857143,0.1303418181818182
2026-07-05,I_002,0.15450000000000003,6,1,7,5,0.18128,0.16686,0.14066857142857145,0.13458666666666666
2026-07-06,I_002,0.0824,0,0,7,6,0.15450000000000003,0.12566000000000002,0.13890285714285716,0.13611846153846155
2026-07-07,I_002,0.0927,1,0,7,7,0.0824,0.11948,0.13272285714285714,0.13228142857142858
2026-07-08,I_002,0.11948,2,0,7,8,0.0927,0.12978,0.12889714285714288,0.12964266666666668
2026-07-09,I_002,0.0927,3,0,7,9,0.11948,0.11124,0.1274257142857143,0.1290075
2026-07-10,I_002,0.10094000000000002,4,0,7,10,0.0927,0.15038,0.12477714285714288,0.12687176470588235
2026-07-11,I_002,0.17098000000000002,5,1,7,11,0.10094000000000002,0.18128,0.11771428571428573,0.12543111111111113
2026-07-12,I_002,0.16892000000000001,6,1,7,12,0.17098000000000002,0.15450000000000003,0.11624285714285716,0.1278284210526316
2026-07-13,I_002,0.12154000000000001,0,0,7,13,0.16892000000000001,0.0824,0.11830285714285715,0.12988300000000003
2026-07-14,I_002,0.13184,1,0,7,14,0.12154000000000001,0.0927,0.12389428571428572,0.1294857142857143
2026-07-15,I_002,0.12154000000000001,2,0,7,15,0.13184,0.11948,0.1294857142857143,0.12959272727272728
2026-07-16,I_002,0.10300000000000001,3,0,7,16,0.12154000000000001,0.0927,0.12978,0.12924260869565218
2026-07-17,I_002,0.14626,4,0,7,17,0.10300000000000001,0.10094000000000002,0.13125142857142857,0.12814916666666668
2026-07-18,I_002,0.17510000000000003,5,1,7,18,0.14626,0.17098000000000002,0.13772571428571428,0.1288736
2026-07-19,I_002,0.15862,6,1,7,19,0.17510000000000003,0.16892000000000001,0.13831428571428575,0.13065153846153849
2026-07-20,I_002,0.08652000000000001,0,0,7,20,0.15862,0.12154000000000001,0.13684285714285715,0.13168740740740742
2026-07-21,I_002,0.11330000000000001,1,0,7,21,0.08652000000000001,0.13184,0.13184,0.13007428571428573
2026-07-22,I_002,0.10094000000000002,2,0,7,22,0.11330000000000001,0.12154000000000001,0.12919142857142857,0.12949586206896552
2026-07-23,I_002,0.13184,3,0,7,23,0.10094000000000002,0.10300000000000001,0.12624857142857143,0.12854400000000002
2026-07-24,I_002,0.12360000000000002,4,0,7,24,0.13184,0.14626,0.13036857142857144,0.12971133333333335
2026-07-25,I_002,0.16686,5,1,7,25,0.12360000000000002,0.17510000000000003,0.1271314285714286,0.13039800000000001
2026-07-26,I_002,0.15862,6,1,7,26,0.16686,0.15862,0.1259542857142857,0.1327326666666667
2026-07-27,I_002,0.12772,0,0,7,27,0.15862,0.08652000000000001,0.1259542857142857,0.13321333333333335
2026-07-28,I_002,0.10094,1,0,7,28,0.12772,0.11330000000000001,0.13184,0.13115333333333334
2026-07-29,I_002,0.11330000000000001,2,0,7,29,0.10094,0.10094000000000002,0.13007428571428573,0.128956
2026-07-30,I_002,0.11742000000000001,3,0,7,30,0.11330000000000001,0.13184,0.13184,0.12854400000000002
2026-07-31,I_002,0.16686,4,0,7,31,0.11742000000000001,0.12360000000000002,0.12978,0.12847533333333336
2026-08-01,I_002,0.16892000000000001,5,1,8,1,0.16686,0.16686,0.13596000000000003,0.12971133333333335
2026-08-02,I_002,0.16274000000000002,6,1,8,2,0.16892000000000001,0.15862,0.13625428571428572,0.131634
2026-08-03,I_002,0.12360000000000002,0,0,8,3,0.16274000000000002,0.12772,0.13684285714285715,0.13204600000000002
2026-08-04,I_002,0.09682,1,0,8,4,0.12360000000000002,0.10094,0.13625428571428572,0.13012333333333334
2026-08-05,I_002,0.10918000000000001,2,0,8,5,0.09682,0.11330000000000001,0.1356657142857143,0.12820066666666668
2026-08-06,I_002,0.07210000000000001,3,0,8,6,0.10918000000000001,0.11742000000000001,0.13507714285714287,0.12909333333333337
2026-08-07,I_002,0.10712,4,0,8,7,0.07210000000000001,0.16686,0.12860285714285716,0.12840666666666667
2026-08-08,I_002,0.18746000000000002,5,1,8,8,0.10712,0.16892000000000001,0.12006857142857143,0.12799466666666667
2026-08-09,I_002,0.13390000000000002,6,1,8,9,0.18746000000000002,0.16274000000000002,0.12271714285714287,0.13115333333333334
2026-08-10,I_002,0.07004,0,0,8,10,0.13390000000000002,0.12360000000000002,0.11859714285714287,0.132252
2026-08-11,I_002,0.09476000000000001,1,0,8,11,0.07004,0.09682,0.1109457142857143,0.12888733333333333
2026-08-12,I_002,0.09476000000000001,2,0,8,12,0.09476000000000001,0.10918000000000001,0.11065142857142858,0.12641533333333335
2026-08-13,I_002,0.12772000000000003,3,0,8,13,0.09476000000000001,0.07210000000000001,0.10859142857142859,0.12552266666666667
2026-08-14,I_002,0.15244000000000002,4,0,8,14,0.12772000000000003,0.10712,0.11653714285714287,0.12538533333333335
2026-08-15,I_002,0.16686,5,1,8,15,0.15244000000000002,0.18746000000000002,0.12301142857142858,0.12641533333333335
2026-08-16,I_002,0.17098000000000002,6,1,8,16,0.16686,0.13390000000000002,0.12006857142857144,0.12854400000000002
2026-08-17,I_002,0.09682,0,0,8,17,0.17098000000000002,0.07004,0.1253657142857143,0.129368
2026-08-18,I_002,0.0824,1,0,8,18,0.09682,0.09476000000000001,0.12919142857142857,0.12675866666666666
2026-08-19,I_002,0.09682,2,0,8,19,0.0824,0.09476000000000001,0.1274257142857143,0.12421800000000001
2026-08-20,I_002,0.12566,3,0,8,20,0.09682,0.12772000000000003,0.12772,0.12456133333333333
2026-08-21,I_002,0.13802,4,0,8,21,0.12566,0.15244000000000002,0.1274257142857143,0.12497333333333335
2026-06-23,I_003,3.5595000000000003,1,0,6,23,,,,
2026-06-24,I_003,3.39255,2,0,6,24,3.5595000000000003,,3.5595000000000003,3.5595000000000003
2026-06-25,I_003,3.7915500000000004,3,0,6,25,3.39255,,3.476025,3.476025
2026-06-26,I_003,4.4499,4,0,6,26,3.7915500000000004,,3.5812000000000004,3.5812000000000004
2026-06-27,I_003,5.9430000000000005,5,1,6,27,4.4499,,3.798375,3.798375
2026-06-28,I_003,4.9917,6,1,6,28,5.9430000000000005,,4.2273000000000005,4.2273000000000005
2026-06-29,I_003,3.1195500000000003,0,0,6,29,4.9917,,4.3547,4.3547
2026-06-30,I_003,3.38625,1,0,6,30,3.1195500000000003,3.5595000000000003,4.17825,4.17825
2026-07-01,I_003,3.4482,2,0,7,1,3.38625,3.39255,4.1535,4.07925
2026-07-02,I_003,3.6267000000000005,3,0,7,2,3.4482,3.7915500000000004,4.16145,4.009133333333334
2026-07-03,I_003,5.13135,4,0,7,3,3.6267000000000005,4.4499,4.1379,3.97089
2026-07-04,I_003,6.0522,5,1,7,4,5.13135,5.9430000000000005,4.235250000000001,4.076386363636364
2026-07-05,I_003,5.167050000000001,6,1,7,5,6.0522,4.9917,4.250850000000001,4.2410375
2026-07-06,I_003,3.2529000000000003,0,0,7,6,5.167050000000001,3.1195500000000003,4.275900000000001,4.312269230769231
2026-07-07,I_003,3.3043500000000003,1,0,7,7,3.2529000000000003,3.38625,4.294950000000001,4.2366
2026-07-08,I_003,3.3747000000000003,2,0,7,8,3.3043500000000003,3.4482,4.283250000000001,4.17445
2026-07-09,I_003,3.9921,3,0,7,9,3.3747000000000003,3.6267000000000005,4.27275,4.124465625
2026-07-10,I_003,4.9686,4,0,7,10,3.9921,5.13135,4.32495,4.116679411764706
2026-07-11,I_003,6.3273,5,1,7,11,4.9686,6.0522,4.301700000000001,4.164008333333333
2026-07-12,I_003,5.001150000000001,6,1,7,12,6.3273,5.167050000000001,4.341,4.277865789473685
2026-07-13,I_003,3.5490000000000004,0,0,7,13,5.001150000000001,3.2529000000000003,4.3173,4.314030000000001
2026-07-14,I_003,3.6214500000000003,1,0,7,14,3.5490000000000004,3.3043500000000003,4.3596,4.2776
2026-07-15,I_003,3.7474500000000006,2,0,7,15,3.6214500000000003,3.3747000000000003,4.4049000000000005,4.247775000000001
2026-07-16,I_003,4.043550000000001,3,0,7,16,3.7474500000000006,3.9921,4.458150000000001,4.226021739130435
2026-07-17,I_003,4.4184,4,0,7,17,4.043550000000001,4.9686,4.4655000000000005,4.2184187500000005
2026-07-18,I_003,5.171250000000001,5,1,7,18,4.4184,6.3273,4.3869,4.226418000000001
2026-07-19,I_003,5.1051,6,1,7,19,5.171250000000001,5.001150000000001,4.221750000000001,4.262757692307693
2026-07-20,I_003,3.3201,0,0,7,20,5.1051,3.5490000000000004,4.2366,4.293955555555556
2026-07-21,I_003,3.8335500000000002,1,0,7,21,3.3201,3.6214500000000003,4.2039,4.259175
2026-07-22,I_003,3.27285,2,0,7,22,3.8335500000000002,3.7474500000000006,4.2342,4.244498275862069
2026-07-23,I_003,3.3222000000000005,3,0,7,23,3.27285,4.043550000000001,4.1664,4.21211
2026-07-24,I_003,5.481,4,0,7,24,3.3222000000000005,4.4184,4.063350000000001,4.2042
2026-07-25,I_003,5.750850000000001,5,1,7,25,5.481,5.171250000000001,4.21515,4.273815
2026-07-26,I_003,5.12715,6,1,7,26,5.750850000000001,5.1051,4.29795,4.339125
2026-07-27,I_003,3.44505,0,0,7,27,5.12715,3.3201,4.3011,4.3617
2026-07-28,I_003,3.00405,1,0,7,28,3.44505,3.8335500000000002,4.31895,4.278435000000001
2026-07-29,I_003,3.7117500000000003,2,0,7,29,3.00405,3.27285,4.200450000000001,4.21218
2026-07-30,I_003,3.56475,3,0,7,30,3.7117500000000003,3.3222000000000005,4.26315,4.231920000000001
2026-07-31,I_003,4.7628,4,0,7,31,3.56475,5.481,4.2978000000000005,4.23787
2026-08-01,I_003,5.5545,5,1,8,1,4.7628,5.750850000000001,4.195200000000001,4.28169
2026-08-02,I_003,5.3718,6,1,8,2,5.5545,5.12715,4.16715,4.34595
2026-08-03,I_003,2.9169,0,0,8,3,5.3718,3.44505,4.202100000000001,4.3539650000000005
2026-08-04,I_003,3.36105,1,0,8,4,2.9169,3.00405,4.12665,4.249455
2026-08-05,I_003,3.7180500000000003,2,0,8,5,3.36105,3.7117500000000003,4.177650000000001,4.189255
2026-08-06,I_003,3.7863,3,0,8,6,3.7180500000000003,3.56475,4.17855,4.204760000000001
2026-08-07,I_003,4.95075,4,0,8,7,3.7863,4.7628,4.2102,4.2208250000000005
2026-08-08,I_003,5.2311000000000005,5,1,8,8,4.95075,5.5545,4.237050000000001,4.27336
2026-08-09,I_003,4.80585,6,1,8,9,5.2311000000000005,5.3718,4.19085,4.314660000000001
2026-08-10,I_003,3.9742500000000005,0,0,8,10,4.80585,2.9169,4.11,4.309235
2026-08-11,I_003,3.84405,1,0,8,11,3.9742500000000005,3.36105,4.26105,4.2308
2026-08-12,I_003,3.67185,2,0,8,12,3.84405,3.7180500000000003,4.33005,4.19223
2026-08-13,I_003,3.90705,3,0,8,13,3.67185,3.7863,4.32345,4.196325000000001
2026-08-14,I_003,4.5696,4,0,8,14,3.90705,4.95075,4.3407,4.205845
2026-08-15,I_003,5.3592,5,1,8,15,4.5696,5.2311000000000005,4.286250000000001,4.23325
2026-08-16,I_003,5.41485,6,1,8,16,5.3592,4.80585,4.304550000000001,4.277105000000001
2026-08-17,I_003,3.297,0,0,8,17,5.41485,3.9742500000000005,4.3915500000000005,4.310320000000001
2026-08-18,I_003,3.43875,1,0,8,18,3.297,3.84405,4.2948,4.247845
2026-08-19,I_003,3.6393,2,0,8,19,3.43875,3.67185,4.2369,4.1923
2026-08-20,I_003,4.280850000000001,3,0,8,20,3.6393,3.90705,4.23225,4.202940000000001
2026-08-21,I_003,5.1639,4,0,8,21,4.280850000000001,4.5696,4.28565,4.21785
2026-06-23,I_004,2.7108000000000003,1,0,6,23,,,,
2026-06-24,I_004,3.1482000000000006,2,0,6,24,2.7108000000000003,,2.7108000000000003,2.7108000000000003
2026-06-25,I_004,3.24,3,0,6,25,3.1482000000000006,,2.9295000000000004,2.9295000000000004
2026-06-26,I_004,3.5100000000000002,4,0,6,26,3.24,,3.033,3.033
2026-06-27,I_004,5.6160000000000005,5,1,6,27,3.5100000000000002,,3.1522500000000004,3.1522500000000004
2026-06-28,I_004,4.3254,6,1,6,28,5.6160000000000005,,3.6450000000000005,3.6450000000000005
2026-06-29,I_004,3.0402000000000005,0,0,6,29,4.3254,,3.7584000000000004,3.7584000000000004
2026-06-30,I_004,2.8890000000000002,1,0,6,30,3.0402000000000005,2.7108000000000003,3.6558,3.6558
2026-07-01,I_004,3.1644,2,0,7,1,2.8890000000000002,3.1482000000000006,3.681257142857143,3.55995
2026-07-02,I_004,3.4128000000000003,3,0,7,2,3.1644,3.24,3.6835714285714287,3.516
2026-07-03,I_004,4.3632,4,0,7,3,3.4128000000000003,3.5100000000000002,3.708257142857143,3.5056800000000004
2026-07-04,I_004,4.347,5,1,7,4,4.3632,5.6160000000000005,3.830142857142857,3.583636363636364
2026-07-05,I_004,4.309200000000001,6,1,7,5,4.347,4.3254,3.648857142857143,3.64725
2026-07-06,I_004,2.5596000000000005,0,0,7,6,4.309200000000001,3.0402000000000005,3.6465428571428573,3.698169230769231
2026-07-07,I_004,2.5164,1,0,7,7,2.5596000000000005,2.8890000000000002,3.5778857142857143,3.6168428571428572
2026-07-08,I_004,2.9214,2,0,7,8,2.5164,3.1644,3.5246571428571434,3.5434800000000006
2026-07-09,I_004,3.2076000000000002,3,0,7,9,2.9214,3.4128000000000003,3.4899428571428572,3.5046000000000004
2026-07-10,I_004,3.4884000000000004,4,0,7,10,3.2076000000000002,4.3632,3.460628571428572,3.4871294117647063
2026-07-11,I_004,4.7304,5,1,7,11,3.4884000000000004,4.347,3.3356571428571433,3.4872
2026-07-12,I_004,4.6926000000000005,6,1,7,12,4.7304,4.309200000000001,3.390428571428572,3.5526315789473686
2026-07-13,I_004,3.24,0,0,7,13,4.6926000000000005,2.5596000000000005,3.4452000000000003,3.60963
2026-07-14,I_004,3.4614000000000003,1,0,7,14,3.24,2.5164,3.5424000000000007,3.592028571428572
2026-07-15,I_004,2.9538,2,0,7,15,3.4614000000000003,2.9214,3.6774,3.586090909090909
2026-07-16,I_004,3.6342000000000003,3,0,7,16,2.9538,3.2076000000000002,3.6820285714285714,3.5586
2026-07-17,I_004,4.2174000000000005,4,0,7,17,3.6342000000000003,3.4884000000000004,3.742971428571429,3.5617500000000004
2026-07-18,I_004,4.363200000000001,5,1,7,18,4.2174000000000005,4.7304,3.8471142857142864,3.5879760000000003
2026-07-19,I_004,4.293,6,1,7,19,4.363200000000001,4.6926000000000005,3.7946571428571434,3.6177923076923078
2026-07-20,I_004,2.9592,0,0,7,20,4.293,3.24,3.737571428571429,3.6428000000000003
2026-07-21,I_004,2.9754,1,0,7,21,2.9592,3.4614000000000003,3.697457142857143,3.6183857142857145
2026-07-22,I_004,2.7108000000000003,2,0,7,22,2.9754,2.9538,3.628028571428572,3.596213793103449
2026-07-23,I_004,2.6946000000000003,3,0,7,23,2.7108000000000003,3.6342000000000003,3.593314285714286,3.5667
2026-07-24,I_004,4.4496,4,0,7,24,2.6946000000000003,4.2174000000000005,3.4590857142857145,3.5661600000000004
2026-07-25,I_004,4.8276,5,1,7,25,4.4496,4.363200000000001,3.492257142857143,3.6095400000000004
2026-07-26,I_004,4.2876,6,1,7,26,4.8276,4.293,3.5585999999999998,3.6624600000000003
2026-07-27,I_004,3.0294000000000003,0,0,7,27,4.2876,2.9592,3.557828571428572,3.6883800000000004
2026-07-28,I_004,2.6189999999999998,1,0,7,28,3.0294000000000003,2.9754,3.567857142857143,3.6021600000000005
2026-07-29,I_004,3.2346000000000004,2,0,7,29,2.6189999999999998,2.7108000000000003,3.5169428571428574,3.5452800000000004
2026-07-30,I_004,3.4074000000000004,3,0,7,30,3.2346000000000004,2.6946000000000003,3.591771428571429,3.5517600000000007
2026-07-31,I_004,4.4172,4,0,7,31,3.4074000000000004,4.4496,3.6936000000000004,3.56904
2026-08-01,I_004,5.200200000000001,5,1,8,1,4.4172,4.8276,3.6889714285714286,3.6108000000000002
2026-08-02,I_004,4.9788,6,1,8,2,5.200200000000001,4.2876,3.7422000000000004,3.67038
2026-08-03,I_004,3.3642,0,0,8,3,4.9788,3.0294000000000003,3.840942857142857,3.6909
2026-08-04,I_004,3.3858,1,0,8,4,3.3642,2.6189999999999998,3.8887714285714288,3.6581400000000004
2026-08-05,I_004,2.6568000000000005,2,0,8,5,3.3858,3.2346000000000004,3.998314285714286,3.6273600000000004
2026-08-06,I_004,2.5326000000000004,3,0,8,6,2.6568000000000005,3.4074000000000004,3.915771428571429,3.6306000000000003
2026-08-07,I_004,4.3524,4,0,8,7,2.5326000000000004,4.4172,3.7908,3.6311400000000003
2026-08-08,I_004,4.9572,5,1,8,8,4.3524,5.200200000000001,3.7815428571428575,3.6788400000000006
2026-08-09,I_004,4.1688,6,1,8,9,4.9572,4.9788,3.746828571428572,3.7371600000000007
2026-08-10,I_004,3.0132000000000003,0,0,8,10,4.1688,3.3642,3.6311142857142857,3.75984
2026-08-11,I_004,2.9862,1,0,8,11,3.0132000000000003,3.3858,3.5809714285714285,3.702600000000001
2026-08-12,I_004,2.7378,2,0,8,12,2.9862,2.6568000000000005,3.5238857142857145,3.64572
2026-08-13,I_004,3.6396000000000006,3,0,8,13,2.7378,2.5326000000000004,3.535457142857143,3.6289800000000003
2026-08-14,I_004,4.2552,4,0,8,14,3.6396000000000006,4.3524,3.6936000000000004,3.63492
2026-08-15,I_004,5.0544,5,1,8,15,4.2552,4.9572,3.6797142857142857,3.6783
2026-08-16,I_004,4.4496,6,1,8,16,5.0544,4.1688,3.6936000000000004,3.72564
2026-08-17,I_004,2.3598,0,0,8,17,4.4496,3.0132000000000003,3.733714285714286,3.73338
2026-08-18,I_004,2.5164000000000004,1,0,8,18,2.3598,2.9862,3.6403714285714286,3.6666000000000007
2026-08-19,I_004,2.9916,2,0,8,19,2.5164000000000004,2.7378,3.5732571428571434,3.60738
2026-08-20,I_004,3.7098,3,0,8,20,2.9916,3.6396000000000006,3.609514285714286,3.6084600000000004
2026-08-21,I_004,4.3146,4,0,8,21,3.7098,4.2552,3.619542857142857,3.63294
2026-06-23,I_005,0.07176,1,0,6,23,,,,
2026-06-24,I_005,0.07852,2,0,6,24,0.07176,,0.07176,0.07176
2026-06-25,I_005,0.0936,3,0,6,25,0.07852,,0.07514000000000001,0.07514000000000001
2026-06-26,I_005,0.09776000000000001,4,0,6,26,0.0936,,0.08129333333333334,0.08129333333333334
2026-06-27,I_005,0.13988,5,1,6,27,0.09776000000000001,,0.08541000000000001,0.08541000000000001
2026-06-28,I_005,0.10348000000000002,6,1,6,28,0.13988,,0.09630400000000001,0.09630400000000001
2026-06-29,I_005,0.06968,0,0,6,29,0.10348000000000002,,0.09750000000000002,0.09750000000000002
2026-06-30,I_005,0.08164000000000002,1,0,6,30,0.06968,0.07176,0.0935257142857143,0.0935257142857143
2026-07-01,I_005,0.07072,2,0,7,1,0.08164000000000002,0.07852,0.09493714285714286,0.09204000000000001
2026-07-02,I_005,0.08788000000000001,3,0,7,2,0.07072,0.0936,0.09382285714285717,0.08967111111111112
2026-07-03,I_005,0.08944,4,0,7,3,0.08788000000000001,0.09776000000000001,0.09300571428571429,0.089492
2026-07-04,I_005,0.13364,5,1,7,4,0.08944,0.13988,0.09181714285714286,0.08948727272727273
2026-07-05,I_005,0.11024000000000002,6,1,7,5,0.13364,0.10348000000000002,0.09092571428571429,0.09316666666666668
2026-07-06,I_005,0.065,0,0,7,6,0.11024000000000002,0.06968,0.09189142857142858,0.09448000000000002
2026-07-07,I_005,0.07020000000000001,1,0,7,7,0.065,0.08164000000000002,0.09122285714285716,0.09237428571428573
2026-07-08,I_005,0.060840000000000005,2,0,7,8,0.07020000000000001,0.07072,0.08958857142857143,0.09089600000000002
2026-07-09,I_005,0.06916000000000001,3,0,7,9,0.060840000000000005,0.08788000000000001,0.08817714285714286,0.08901750000000001
2026-07-10,I_005,0.09776000000000001,4,0,7,10,0.06916000000000001,0.08944,0.08550285714285717,0.08784941176470588
2026-07-11,I_005,0.12792,5,1,7,11,0.09776000000000001,0.13364,0.08669142857142857,0.0884
2026-07-12,I_005,0.09932000000000002,6,1,7,12,0.12792,0.11024000000000002,0.08587428571428572,0.09048
2026-07-13,I_005,0.07540000000000001,0,0,7,13,0.09932000000000002,0.065,0.08431428571428572,0.09092200000000002
2026-07-14,I_005,0.06552000000000001,1,0,7,14,0.07540000000000001,0.07020000000000001,0.0858,0.09018285714285715
2026-07-15,I_005,0.07332000000000001,2,0,7,15,0.06552000000000001,0.060840000000000005,0.0851314285714286,0.08906181818181819
2026-07-16,I_005,0.065,3,0,7,16,0.07332000000000001,0.06916000000000001,0.08691428571428574,0.08837739130434782
2026-07-17,I_005,0.10452,4,0,7,17,0.065,0.09776000000000001,0.08632000000000002,0.08740333333333335
2026-07-18,I_005,0.11024000000000002,5,1,7,18,0.10452,0.12792,0.0872857142857143,0.08808800000000001
2026-07-19,I_005,0.11804,6,1,7,19,0.11024000000000002,0.09932000000000002,0.08476000000000002,0.08894
2026-07-20,I_005,0.07384,0,0,7,20,0.11804,0.07540000000000001,0.08743428571428573,0.09001777777777778
2026-07-21,I_005,0.07332000000000001,1,0,7,21,0.07384,0.06552000000000001,0.08721142857142858,0.08944
2026-07-22,I_005,0.07384,2,0,7,22,0.07332000000000001,0.07332000000000001,0.0883257142857143,0.08888413793103449
2026-07-23,I_005,0.06812000000000001,3,0,7,23,0.07384,0.065,0.0884,0.08838266666666668
2026-07-24,I_005,0.07280000000000002,4,0,7,24,0.06812000000000001,0.10452,0.08884571428571429,0.08826133333333334
2026-07-25,I_005,0.12012000000000002,5,1,7,25,0.07280000000000002,0.11024000000000002,0.08431428571428572,0.08807066666666667
2026-07-26,I_005,0.11960000000000001,6,1,7,26,0.12012000000000002,0.11804,0.0857257142857143,0.08895466666666668
2026-07-27,I_005,0.07124,0,0,7,27,0.11960000000000001,0.07384,0.08594857142857144,0.08968266666666667
2026-07-28,I_005,0.06968,1,0,7,28,0.07124,0.07332000000000001,0.08557714285714287,0.08739466666666668
2026-07-29,I_005,0.09360000000000002,2,0,7,29,0.06968,0.07384,0.08505714285714286,0.08626800000000001
2026-07-30,I_005,0.08944000000000002,3,0,7,30,0.09360000000000002,0.06812000000000001,0.08788000000000003,0.08706533333333334
2026-07-31,I_005,0.08268,4,0,7,31,0.08944000000000002,0.07280000000000002,0.09092571428571429,0.08732533333333334
2026-08-01,I_005,0.11440000000000002,5,1,8,1,0.08268,0.12012000000000002,0.09233714285714287,0.087724
2026-08-02,I_005,0.11752000000000003,6,1,8,2,0.11440000000000002,0.11960000000000001,0.09152000000000002,0.08860800000000002
2026-08-03,I_005,0.08112000000000001,0,0,8,3,0.11752000000000003,0.07124,0.09122285714285716,0.08954400000000001
2026-08-04,I_005,0.07124000000000001,1,0,8,4,0.08112000000000001,0.06968,0.09263428571428574,0.08779333333333335
2026-08-05,I_005,0.06916000000000001,2,0,8,5,0.07124000000000001,0.09360000000000002,0.09285714285714287,0.08649333333333334
2026-08-06,I_005,0.07384,3,0,8,6,0.06916000000000001,0.08944000000000002,0.0893657142857143,0.08663200000000001
2026-08-07,I_005,0.10868000000000001,4,0,8,7,0.07384,0.08268,0.08713714285714287,0.08675333333333334
2026-08-08,I_005,0.10868000000000001,5,1,8,8,0.10868000000000001,0.11440000000000002,0.09085142857142858,0.08834800000000002
2026-08-09,I_005,0.09412000000000001,6,1,8,9,0.10868000000000001,0.11752000000000003,0.09003428571428573,0.08966533333333335
2026-08-10,I_005,0.060320000000000006,0,0,8,10,0.09412000000000001,0.08112000000000001,0.08669142857142857,0.08954400000000001
2026-08-11,I_005,0.08528000000000001,1,0,8,11,0.060320000000000006,0.07124000000000001,0.08372000000000002,0.08729066666666667
2026-08-12,I_005,0.08476,2,0,8,12,0.08528000000000001,0.06916000000000001,0.08572571428571431,0.08682266666666667
2026-08-13,I_005,0.06552000000000001,3,0,8,13,0.08476,0.07384,0.08795428571428572,0.08713466666666667
2026-08-14,I_005,0.10244,4,0,8,14,0.06552000000000001,0.10868000000000001,0.08676571428571431,0.08713466666666667
2026-08-15,I_005,0.12012000000000002,5,1,8,15,0.10244,0.10868000000000001,0.08587428571428572,0.08810533333333334
2026-08-16,I_005,0.10348000000000002,6,1,8,16,0.12012000000000002,0.09412000000000001,0.08750857142857145,0.08994266666666667
2026-08-17,I_005,0.08684000000000001,0,0,8,17,0.10348000000000002,0.060320000000000006,0.08884571428571429,0.08990800000000002
2026-08-18,I_005,0.07748000000000001,1,0,8,18,0.08684000000000001,0.08528000000000001,0.09263428571428574,0.08912800000000003
2026-08-19,I_005,0.07852,2,0,8,19,0.07748000000000001,0.08476,0.09152000000000002,0.08777600000000002
2026-08-20,I_005,0.07020000000000001,3,0,8,20,0.07852,0.06552000000000001,0.09062857142857143,0.087932
2026-08-21,I_005,0.09724000000000001,4,0,8,21,0.07020000000000001,0.10244,0.09129714285714287,0.08782800000000002
2026-06-23,I_006,1.29584,1,0,6,23,,,,
2026-06-24,I_006,1.20432,2,0,6,24,1.29584,,1.29584,1.29584
2026-06-25,I_006,1.5163200000000001,3,0,6,25,1.20432,,1.25008,1.25008
2026-06-26,I_006,1.64736,4,0,6,26,1.5163200000000001,,1.3388266666666668,1.3388266666666668
2026-06-27,I_006,1.92504,5,1,6,27,1.64736,,1.41596,1.41596
2026-06-28,I_006,1.80024,6,1,6,28,1.92504,,1.517776,1.517776
2026-06-29,I_006,1.2230400000000001,0,0,6,29,1.80024,,1.5648533333333334,1.5648533333333334
2026-06-30,I_006,1.13048,1,0,6,30,1.2230400000000001,1.29584,1.5160228571428573,1.5160228571428573
2026-07-01,I_006,1.25112,2,0,7,1,1.13048,1.20432,1.4924,1.46783
2026-07-02,I_006,1.09824,3,0,7,2,1.25112,1.5163200000000001,1.4990857142857144,1.4437511111111112
2026-07-03,I_006,1.49136,4,0,7,3,1.09824,1.64736,1.4393600000000002,1.4092
2026-07-04,I_006,2.33376,5,1,7,4,1.49136,1.92504,1.4170742857142857,1.4166690909090909
2026-07-05,I_006,1.7264000000000002,6,1,7,5,2.33376,1.80024,1.4754628571428572,1.4930933333333334
2026-07-06,I_006,1.20744,0,0,7,6,1.7264000000000002,1.2230400000000001,1.4649142857142858,1.5110400000000002
2026-07-07,I_006,0.9900800000000001,1,0,7,7,1.20744,1.13048,1.4626857142857144,1.4893542857142859
2026-07-08,I_006,1.04728,2,0,7,8,0.9900800000000001,1.25112,1.4426285714285714,1.4560693333333332
2026-07-09,I_006,1.19392,3,0,7,9,1.04728,1.09824,1.4135085714285716,1.43052
2026-07-10,I_006,1.83664,4,0,7,10,1.19392,1.49136,1.4271771428571431,1.4166023529411766
2026-07-11,I_006,2.16736,5,1,7,11,1.83664,2.33376,1.4765028571428573,1.4399377777777778
2026-07-12,I_006,1.69208,6,1,7,12,2.16736,1.7264000000000002,1.4527314285714288,1.478223157894737
2026-07-13,I_006,1.29168,0,0,7,13,1.69208,1.20744,1.4478285714285715,1.4889160000000001
2026-07-14,I_006,1.17,1,0,7,14,1.29168,0.9900800000000001,1.4598628571428571,1.4795238095238095
2026-07-15,I_006,1.12424,2,0,7,15,1.17,1.04728,1.4855657142857144,1.4654545454545456
2026-07-16,I_006,1.30208,3,0,7,16,1.12424,1.19392,1.4965600000000001,1.4506191304347826
2026-07-17,I_006,1.41232,4,0,7,17,1.30208,1.83664,1.5120114285714286,1.4444299999999999
2026-07-18,I_006,1.7524000000000002,5,1,7,18,1.41232,2.16736,1.4513942857142859,1.4431456
2026-07-19,I_006,1.95624,6,1,7,19,1.7524000000000002,1.69208,1.3921142857142856,1.4550400000000001
2026-07-20,I_006,1.20952,0,0,7,20,1.95624,1.29168,1.4298514285714283,1.473602962962963
2026-07-21,I_006,1.1076,1,0,7,21,1.20952,1.17,1.4181142857142857,1.4641714285714287
2026-07-22,I_006,1.2844,2,0,7,22,1.1076,1.12424,1.4092,1.4518758620689654
2026-07-23,I_006,1.04312,3,0,7,23,1.2844,1.30208,1.4320799999999998,1.4462933333333334
2026-07-24,I_006,1.68896,4,0,7,24,1.04312,1.41232,1.3950857142857145,1.4378693333333332
2026-07-25,I_006,1.85016,5,1,7,25,1.68896,1.7524000000000002,1.4346057142857143,1.454024
2026-07-26,I_006,1.68896,6,1,7,26,1.85016,1.95624,1.4485714285714286,1.465152
2026-07-27,I_006,1.21264,0,0,7,27,1.68896,1.20952,1.4103885714285713,1.4665386666666669
2026-07-28,I_006,1.04416,1,0,7,28,1.21264,1.1076,1.4108342857142857,1.442792
2026-07-29,I_006,1.39256,2,0,7,29,1.04416,1.2844,1.4017714285714287,1.4175893333333334
2026-07-30,I_006,1.2656800000000001,3,0,7,30,1.39256,1.04312,1.4172228571428571,1.4232399999999998
2026-07-31,I_006,1.5288,4,0,7,31,1.2656800000000001,1.68896,1.4490171428571428,1.4277466666666667
2026-08-01,I_006,1.75864,5,1,8,1,1.5288,1.85016,1.426137142857143,1.4370026666666667
2026-08-02,I_006,1.57352,6,1,8,2,1.75864,1.68896,1.413062857142857,1.4590159999999999
2026-08-03,I_006,1.2292800000000002,0,0,8,3,1.57352,1.21264,1.3965714285714286,1.4617546666666668
2026-08-04,I_006,1.04416,1,0,8,4,1.2292800000000002,1.04416,1.3989485714285712,1.4249386666666666
2026-08-05,I_006,1.1835200000000001,2,0,8,5,1.04416,1.39256,1.3989485714285714,1.4021973333333333
2026-08-06,I_006,1.378,3,0,8,6,1.1835200000000001,1.2656800000000001,1.3690857142857145,1.4014
2026-08-07,I_006,1.6650399999999999,4,0,8,7,1.378,1.5288,1.3851314285714287,1.4143306666666668
2026-08-08,I_006,1.6796,5,1,8,8,1.6650399999999999,1.75864,1.4045942857142857,1.4349226666666666
2026-08-09,I_006,1.6692,6,1,8,9,1.6796,1.57352,1.3933028571428572,1.451112
2026-08-10,I_006,1.1024,0,0,8,10,1.6692,1.2292800000000002,1.4069714285714288,1.4455306666666667
2026-08-11,I_006,1.4861600000000001,1,0,8,11,1.1024,1.04416,1.3888457142857145,1.410032
2026-08-12,I_006,1.45392,2,0,8,12,1.4861600000000001,1.1835200000000001,1.4519885714285714,1.403168
2026-08-13,I_006,1.28752,3,0,8,13,1.45392,1.378,1.4906171428571429,1.408576
2026-08-14,I_006,1.6244800000000001,4,0,8,14,1.28752,1.6650399999999999,1.4776914285714287,1.4124933333333334
2026-08-15,I_006,1.75552,5,1,8,15,1.6244800000000001,1.6796,1.471897142857143,1.429168
2026-08-16,I_006,1.91776,6,1,8,16,1.75552,1.6692,1.482742857142857,1.4442826666666666
2026-08-17,I_006,1.22408,0,0,8,17,1.91776,1.1024,1.5182514285714286,1.4611306666666666
2026-08-18,I_006,1.24904,1,0,8,18,1.22408,1.4861600000000001,1.5356342857142857,1.44352
2026-08-19,I_006,1.36864,2,0,8,19,1.24904,1.45392,1.5017600000000002,1.4199466666666667
2026-08-20,I_006,1.36968,3,0,8,20,1.36864,1.28752,1.489577142857143,1.4252506666666667
2026-08-21,I_006,1.8304,4,0,8,21,1.36968,1.6244800000000001,1.5013142857142856,1.4339866666666667
2026-06-23,I_007,28.8638,1,0,6,23,,,,
2026-06-24,I_007,30.422,2,0,6,24,28.8638,,28.8638,28.8638
2026-06-25,I_007,32.934200000000004,3,0,6,25,30.422,,29.6429,29.6429
2026-06-26,I_007,39.696999999999996,4,0,6,26,32.934200000000004,,30.74,30.74
2026-06-27,I_007,54.6642,5,1,6,27,39.696999999999996,,32.97925,32.97925
2026-06-28,I_007,43.6932,6,1,6,28,54.6642,,37.31624,37.31624
2026-06-29,I_007,29.0546,0,0,6,29,43.6932,,38.37906666666667,38.37906666666667
2026-06-30,I_007,28.916800000000002,1,0,6,30,29.0546,28.8638,37.047000000000004,37.047000000000004
2026-07-01,I_007,32.2664,2,0,7,1,28.916800000000002,30.422,37.05457142857143,36.030725000000004
2026-07-02,I_007,32.001400000000004,3,0,7,2,32.2664,32.934200000000004,37.31805714285714,35.61246666666667
2026-07-03,I_007,41.7322,4,0,7,3,32.001400000000004,39.696999999999996,37.1848,35.25136
2026-07-04,I_007,54.06,5,1,7,4,41.7322,54.6642,37.475542857142855,35.84052727272728
2026-07-05,I_007,44.0112,6,1,7,5,54.06,43.6932,37.389228571428575,37.35881666666666
2026-07-06,I_007,26.5424,0,0,7,6,44.0112,29.0546,37.43465714285714,37.87053846153846
2026-07-07,I_007,25.281,1,0,7,7,26.5424,28.916800000000002,37.07577142857143,37.06138571428572
2026-07-08,I_007,26.0866,2,0,7,8,25.281,32.2664,36.55637142857143,36.27602666666667
2026-07-09,I_007,29.0546,3,0,7,9,26.0866,32.001400000000004,35.673542857142856,35.6391875
2026-07-10,I_007,36.2732,4,0,7,10,29.0546,41.7322,35.25257142857143,35.25185882352941
2026-07-11,I_007,50.4666,5,1,7,11,36.2732,54.06,34.47271428571429,35.3086
2026-07-12,I_007,43.2268,6,1,7,12,50.4666,44.0112,33.95937142857143,36.10638947368421
2026-07-13,I_007,31.5562,0,0,7,13,43.2268,26.5424,33.84731428571428,36.46241
2026-07-14,I_007,31.1428,1,0,7,14,31.5562,25.281,34.56357142857143,36.22878095238095
2026-07-15,I_007,31.5986,2,0,7,15,31.1428,26.0866,35.40097142857143,35.997600000000006
2026-07-16,I_007,31.641000000000002,3,0,7,16,31.5986,29.0546,36.1884,35.80633913043478
2026-07-17,I_007,40.1422,4,0,7,17,31.641000000000002,36.2732,36.55788571428572,35.632783333333336
2026-07-18,I_007,45.1878,5,1,7,18,40.1422,50.4666,37.1106,35.81316
2026-07-19,I_007,47.9332,6,1,7,19,45.1878,43.2268,36.35648571428571,36.173723076923075
2026-07-20,I_007,26.8604,0,0,7,20,47.9332,31.5562,37.02882857142857,36.60925925925926
2026-07-21,I_007,31.2382,1,0,7,21,26.8604,31.1428,36.358,36.26108571428572
2026-07-22,I_007,28.1112,2,0,7,22,31.2382,31.5986,36.37162857142857,36.087882758620694
2026-07-23,I_007,31.1534,3,0,7,23,28.1112,31.641000000000002,35.87342857142857,35.82199333333334
2026-07-24,I_007,36.835,4,0,7,24,31.1534,40.1422,35.80377142857143,35.898313333333334
2026-07-25,I_007,49.237,5,1,7,25,36.835,45.1878,35.331314285714285,36.11208
2026-07-26,I_007,45.2726,6,1,7,26,49.237,47.9332,35.90977142857143,36.65550666666666
2026-07-27,I_007,31.27,0,0,7,27,45.2726,26.8604,35.52968571428572,36.84136
2026-07-28,I_007,26.955800000000004,1,0,7,28,31.27,31.2382,36.15962857142857,36.06155333333333
2026-07-29,I_007,34.0578,2,0,7,29,26.955800000000004,28.1112,35.54785714285715,35.503640000000004
2026-07-30,I_007,32.2982,3,0,7,30,34.0578,31.1534,36.39737142857143,35.670413333333336
2026-07-31,I_007,40.0362,4,0,7,31,32.2982,36.835,36.56091428571428,35.783126666666675
2026-08-01,I_007,47.064,5,1,8,1,40.0362,49.237,37.01822857142857,36.042120000000004
2026-08-02,I_007,45.8344,6,1,8,2,47.064,45.2726,36.707800000000006,36.54420666666667
2026-08-03,I_007,30.962600000000002,0,0,8,3,45.8344,31.27,36.78805714285714,36.680946666666664
2026-08-04,I_007,26.8604,1,0,8,4,30.962600000000002,26.955800000000004,36.744142857142855,35.91103333333333
2026-08-05,I_007,29.15,2,0,8,5,26.8604,34.0578,36.730514285714285,35.33934
2026-08-06,I_007,28.2172,3,0,8,6,29.15,32.2982,36.0294,35.42626
2026-08-07,I_007,37.3014,4,0,8,7,28.2172,40.0362,35.4464,35.52413333333333
2026-08-08,I_007,47.519800000000004,5,1,8,8,37.3014,47.064,35.05571428571428,35.89796
2026-08-09,I_007,39.4426,6,1,8,9,47.519800000000004,45.8344,35.12082857142857,36.513466666666666
2026-08-10,I_007,24.6132,0,0,8,10,39.4426,30.962600000000002,34.20771428571429,36.61911333333333
2026-08-11,I_007,31.747,1,0,8,11,24.6132,26.8604,33.30065714285714,35.757333333333335
2026-08-12,I_007,32.5632,2,0,8,12,31.747,29.15,33.99874285714286,35.374673333333334
2026-08-13,I_007,31.8106,3,0,8,13,32.5632,28.2172,34.48634285714286,35.40824
2026-08-14,I_007,39.697,4,0,8,14,31.8106,37.3014,34.99968571428572,35.4305
2026-08-15,I_007,48.5162,5,1,8,15,39.697,47.519800000000004,35.34191428571428,35.70044666666667
2026-08-16,I_007,45.3892,6,1,8,16,48.5162,39.4426,35.484257142857146,36.262953333333336
2026-08-17,I_007,30.3054,0,0,8,17,45.3892,24.6132,36.33377142857143,36.43785333333334
2026-08-18,I_007,27.931,1,0,8,18,30.3054,31.747,37.146942857142854,35.94177333333333
2026-08-19,I_007,29.7648,2,0,8,19,27.931,32.5632,36.601800000000004,35.27503333333333
2026-08-20,I_007,33.0508,3,0,8,20,29.7648,31.8106,36.20202857142857,35.37184666666666
2026-08-21,I_007,38.2872,4,0,8,21,33.0508,39.697,36.379200000000004,35.43226666666666
2026-06-23,I_008,0.48816000000000004,1,0,6,23,,,,
2026-06-24,I_008,0.5346,2,0,6,24,0.48816000000000004,,0.48816000000000004,0.48816000000000004
2026-06-25,I_008,0.65988,3,0,6,25,0.5346,,0.51138,0.51138
2026-06-26,I_008,0.70416,4,0,6,26,0.65988,,0.56088,0.56088
2026-06-27,I_008,0.90612,5,1,6,27,0.70416,,0.5967,0.5967
2026-06-28,I_008,0.7581600000000001,6,1,6,28,0.90612,,0.6585840000000001,0.6585840000000001
2026-06-29,I_008,0.48384000000000005,0,0,6,29,0.7581600000000001,,0.67518,0.67518
2026-06-30,I_008,0.61452,1,0,6,30,0.48384000000000005,0.48816000000000004,0.6478457142857144,0.6478457142857144
2026-07-01,I_008,0.52812,2,0,7,1,0.61452,0.5346,0.665897142857143,0.64368
2026-07-02,I_008,0.69228,3,0,7,2,0.52812,0.65988,0.6649714285714285,0.63084
2026-07-03,I_008,0.7614,4,0,7,3,0.69228,0.70416,0.6696,0.636984
2026-07-04,I_008,0.93096,5,1,7,4,0.7614,0.90612,0.6777771428571429,0.6482945454545455
2026-07-05,I_008,0.8445600000000001,6,1,7,5,0.93096,0.7581600000000001,0.6813257142857143,0.6718500000000001
2026-07-06,I_008,0.52056,0,0,7,6,0.8445600000000001,0.48384000000000005,0.6936685714285714,0.6851353846153846
2026-07-07,I_008,0.51732,1,0,7,7,0.52056,0.61452,0.6989142857142857,0.67338
2026-07-08,I_008,0.56592,2,0,7,8,0.51732,0.52812,0.6850285714285714,0.662976
2026-07-09,I_008,0.56916,3,0,7,9,0.56592,0.69228,0.6904285714285715,0.65691
2026-07-10,I_008,0.7668,4,0,7,10,0.56916,0.7614,0.67284,0.6517482352941176
2026-07-11,I_008,0.9828,5,1,7,11,0.7668,0.93096,0.6736114285714285,0.65814
2026-07-12,I_008,0.76356,6,1,7,12,0.9828,0.8445600000000001,0.6810171428571429,0.6752273684210527
2026-07-13,I_008,0.5626800000000001,0,0,7,13,0.76356,0.52056,0.6694457142857143,0.679644
2026-07-14,I_008,0.46224,1,0,7,14,0.5626800000000001,0.51732,0.6754628571428573,0.6740742857142857
2026-07-15,I_008,0.58104,2,0,7,15,0.46224,0.56592,0.6675942857142856,0.6644454545454546
2026-07-16,I_008,0.49248000000000003,3,0,7,16,0.58104,0.56916,0.6697542857142859,0.6608191304347827
2026-07-17,I_008,0.81756,4,0,7,17,0.49248000000000003,0.7668,0.6588,0.6538050000000001
2026-07-18,I_008,0.8370000000000001,5,1,7,18,0.81756,0.9828,0.6660514285714285,0.6603552
2026-07-19,I_008,0.8478,6,1,7,19,0.8370000000000001,0.76356,0.6452228571428572,0.6671492307692308
2026-07-20,I_008,0.53352,0,0,7,20,0.8478,0.5626800000000001,0.6572571428571428,0.67384
2026-07-21,I_008,0.51084,1,0,7,21,0.53352,0.46224,0.6530914285714285,0.6688285714285714
2026-07-22,I_008,0.53136,2,0,7,22,0.51084,0.58104,0.6600342857142857,0.6633806896551725
2026-07-23,I_008,0.5832,3,0,7,23,0.53136,0.49248000000000003,0.6529371428571429,0.65898
2026-07-24,I_008,0.7300800000000001,4,0,7,24,0.5832,0.81756,0.6658971428571429,0.662148
2026-07-25,I_008,1.00116,5,1,7,25,0.7300800000000001,0.8370000000000001,0.6534000000000001,0.6686639999999999
2026-07-26,I_008,0.9018,6,1,7,26,1.00116,0.8478,0.6768514285714285,0.6800400000000001
2026-07-27,I_008,0.5562,0,0,7,27,0.9018,0.53352,0.6845657142857143,0.686628
2026-07-28,I_008,0.5464800000000001,1,0,7,28,0.5562,0.51084,0.6878057142857142,0.674964
2026-07-29,I_008,0.6382800000000001,2,0,7,29,0.5464800000000001,0.53136,0.6928971428571428,0.6679080000000001
2026-07-30,I_008,0.50544,3,0,7,30,0.6382800000000001,0.5832,0.7081714285714286,0.6730560000000001
2026-07-31,I_008,0.72792,4,0,7,31,0.50544,0.7300800000000001,0.6970628571428571,0.6694200000000001
2026-08-01,I_008,0.8370000000000001,5,1,8,1,0.72792,1.00116,0.6967542857142857,0.6760800000000001
2026-08-02,I_008,0.8683200000000001,6,1,8,2,0.8370000000000001,0.9018,0.6733028571428573,0.6809040000000001
2026-08-03,I_008,0.49788000000000004,0,0,8,3,0.8683200000000001,0.5562,0.6685200000000001,0.684468
2026-08-04,I_008,0.49896,1,0,8,4,0.49788000000000004,0.5464800000000001,0.6601885714285715,0.6700320000000001
2026-08-05,I_008,0.49572,2,0,8,5,0.49896,0.6382800000000001,0.6534000000000001,0.658512
2026-08-06,I_008,0.63936,3,0,8,6,0.49572,0.50544,0.6330342857142857,0.6576839999999999
2026-08-07,I_008,0.65988,4,0,8,7,0.63936,0.72792,0.6521657142857143,0.661752
2026-08-08,I_008,0.84888,5,1,8,8,0.65988,0.8370000000000001,0.6424457142857143,0.664884
2026-08-09,I_008,0.7333200000000001,6,1,8,9,0.84888,0.8683200000000001,0.6441428571428572,0.674208
2026-08-10,I_008,0.5238,0,0,8,10,0.7333200000000001,0.49788000000000004,0.6248571428571429,0.673092
2026-08-11,I_008,0.58104,1,0,8,11,0.5238,0.49896,0.62856,0.6577920000000002
2026-08-12,I_008,0.54108,2,0,8,12,0.58104,0.49572,0.6402857142857143,0.651708
2026-08-13,I_008,0.5076,3,0,8,13,0.54108,0.63936,0.6467657142857143,0.650988
2026-08-14,I_008,0.7333200000000001,4,0,8,14,0.5076,0.65988,0.6279428571428571,0.6525000000000001
2026-08-15,I_008,0.8802,5,1,8,15,0.7333200000000001,0.84888,0.6384342857142856,0.657576
2026-08-16,I_008,0.7765200000000001,6,1,8,16,0.8802,0.7333200000000001,0.6429085714285715,0.6705000000000001
2026-08-17,I_008,0.61128,0,0,8,17,0.7765200000000001,0.5238,0.64908,0.669132
2026-08-18,I_008,0.46224,1,0,8,18,0.61128,0.58104,0.6615771428571428,0.661608
2026-08-19,I_008,0.54972,2,0,8,19,0.46224,0.54108,0.6446057142857143,0.6487560000000001
2026-08-20,I_008,0.56484,3,0,8,20,0.54972,0.5076,0.64584,0.649296
2026-08-21,I_008,0.6663600000000001,4,0,8,21,0.56484,0.7333200000000001,0.6540171428571429,0.651096
2026-06-23,I_009,0.76735,1,0,6,23,,,,
2026-06-24,I_009,0.8188500000000001,2,0,6,24,0.76735,,0.76735,0.76735
2026-06-25,I_009,0.9053700000000001,3,0,6,25,0.8188500000000001,,0.7931,0.7931
2026-06-26,I_009,1.02691,4,0,6,26,0.9053700000000001,,0.8305233333333334,0.8305233333333334
2026-06-27,I_009,1.3359100000000002,5,1,6,27,1.02691,,0.8796200000000001,0.8796200000000001
2026-06-28,I_009,1.1124,6,1,6,28,1.3359100000000002,,0.9708780000000001,0.9708780000000001
2026-06-29,I_009,0.79825,0,0,6,29,1.1124,,0.994465,0.994465
2026-06-30,I_009,0.74366,1,0,6,30,0.79825,0.76735,0.9664342857142858,0.9664342857142858
2026-07-01,I_009,0.83636,2,0,7,1,0.74366,0.8188500000000001,0.96305,0.9385875
2026-07-02,I_009,0.8137000000000001,3,0,7,2,0.83636,0.9053700000000001,0.9655514285714286,0.9272288888888889
2026-07-03,I_009,1.02897,4,0,7,3,0.8137000000000001,1.02691,0.9524557142857144,0.9158760000000001
2026-07-04,I_009,1.4450900000000002,5,1,7,4,1.02897,1.3359100000000002,0.95275,0.9261572727272728
2026-07-05,I_009,1.13815,6,1,7,5,1.4450900000000002,1.1124,0.9683471428571429,0.9694016666666667
2026-07-06,I_009,0.8178200000000001,0,0,7,6,1.13815,0.79825,0.9720257142857144,0.9823823076923077
2026-07-07,I_009,0.67671,1,0,7,7,0.8178200000000001,0.74366,0.9748214285714286,0.9706278571428573
2026-07-08,I_009,0.75705,2,0,7,8,0.67671,0.83636,0.965257142857143,0.9510333333333334
2026-07-09,I_009,0.75396,3,0,7,9,0.75705,0.8137000000000001,0.953927142857143,0.938909375
2026-07-10,I_009,1.1402100000000002,4,0,7,10,0.75396,1.02897,0.9453928571428571,0.9280300000000001
2026-07-11,I_009,1.3276700000000001,5,1,7,11,1.1402100000000002,1.4450900000000002,0.9612842857142857,0.9398177777777779
2026-07-12,I_009,1.17523,6,1,7,12,1.3276700000000001,1.13815,0.9445100000000001,0.960231052631579
2026-07-13,I_009,0.83739,0,0,7,13,1.17523,0.8178200000000001,0.9498071428571428,0.9709810000000001
2026-07-14,I_009,0.81576,1,0,7,14,0.83739,0.67671,0.9526028571428571,0.9646195238095239
2026-07-15,I_009,0.8240000000000001,2,0,7,15,0.81576,0.75705,0.9724671428571429,0.9578531818181819
2026-07-16,I_009,0.7828,3,0,7,16,0.8240000000000001,0.75396,0.9820314285714286,0.9520334782608696
2026-07-17,I_009,1.01764,4,0,7,17,0.7828,1.1402100000000002,0.9861514285714286,0.9449820833333334
2026-07-18,I_009,1.18965,5,1,7,18,1.01764,1.3276700000000001,0.9686414285714287,0.9478884000000001
2026-07-19,I_009,1.21746,6,1,7,19,1.18965,1.17523,0.9489242857142858,0.9571869230769232
2026-07-20,I_009,0.68186,0,0,7,20,1.21746,0.83739,0.954957142857143,0.9668266666666667
2026-07-21,I_009,0.7220300000000001,1,0,7,21,0.68186,0.81576,0.9327385714285715,0.9566492857142858
2026-07-22,I_009,0.78589,2,0,7,22,0.7220300000000001,0.8240000000000001,0.9193485714285715,0.9485589655172414
2026-07-23,I_009,0.7869200000000001,3,0,7,23,0.78589,0.7828,0.9139042857142857,0.9431366666666666
2026-07-24,I_009,1.11652,4,0,7,24,0.7869200000000001,1.01764,0.9144928571428572,0.9437890000000001
2026-07-25,I_009,1.30707,5,1,7,25,1.11652,1.18965,0.9286185714285715,0.9537113333333332
2026-07-26,I_009,1.1000400000000001,6,1,7,26,1.30707,1.21746,0.9453928571428571,0.9671013333333335
2026-07-27,I_009,0.80134,0,0,7,27,1.1000400000000001,0.68186,0.9286185714285714,0.969539
2026-07-28,I_009,0.68186,1,0,7,28,0.80134,0.7220300000000001,0.9456871428571428,0.9517200000000001
2026-07-29,I_009,0.8003100000000001,2,0,7,29,0.68186,0.78589,0.9399485714285714,0.9373686666666667
2026-07-30,I_009,0.82091,3,0,7,30,0.8003100000000001,0.7869200000000001,0.9420085714285714,0.9374373333333335
2026-07-31,I_009,1.13403,4,0,7,31,0.82091,1.11652,0.9468642857142857,0.9400123333333333
2026-08-01,I_009,1.14845,5,1,8,1,1.13403,1.30707,0.9493657142857143,0.9499346666666668
2026-08-02,I_009,1.11137,6,1,8,2,1.14845,1.1000400000000001,0.9267057142857144,0.9610930000000001
2026-08-03,I_009,0.7343900000000001,0,0,8,3,1.11137,0.80134,0.9283242857142858,0.9638396666666667
2026-08-04,I_009,0.67465,1,0,8,4,0.7343900000000001,0.68186,0.91876,0.9401496666666667
2026-08-05,I_009,0.7591100000000001,2,0,8,5,0.67465,0.8003100000000001,0.91773,0.9246996666666667
2026-08-06,I_009,0.8178200000000001,3,0,8,6,0.7591100000000001,0.82091,0.9118442857142857,0.9227426666666667
2026-08-07,I_009,0.91876,4,0,8,7,0.8178200000000001,1.13403,0.9114028571428571,0.9274463333333335
2026-08-08,I_009,1.1927400000000001,5,1,8,8,0.91876,1.14845,0.88065,0.9328366666666666
2026-08-09,I_009,1.09695,6,1,8,9,1.1927400000000001,1.11137,0.8869771428571429,0.9474626666666667
2026-08-10,I_009,0.6571400000000001,0,0,8,10,1.09695,0.7343900000000001,0.884917142857143,0.9460206666666667
2026-08-11,I_009,0.9022800000000001,1,0,8,11,0.6571400000000001,0.67465,0.8738814285714286,0.9236696666666667
2026-08-12,I_009,0.9311200000000001,2,0,8,12,0.9022800000000001,0.7591100000000001,0.9064,0.9145713333333333
2026-08-13,I_009,0.8734400000000001,3,0,8,13,0.9311200000000001,0.8178200000000001,0.9309728571428574,0.9176956666666667
2026-08-14,I_009,1.03,4,0,8,14,0.8734400000000001,0.91876,0.9389185714285715,0.9196183333333334
2026-08-15,I_009,1.1556600000000001,5,1,8,15,1.03,1.1927400000000001,0.95481,0.926485
2026-08-16,I_009,1.20304,6,1,8,16,1.1556600000000001,1.09695,0.9495128571428573,0.9389136666666666
2026-08-17,I_009,0.8034,0,0,8,17,1.20304,0.6571400000000001,0.9646685714285714,0.9450936666666667
2026-08-18,I_009,0.69937,1,0,8,18,0.8034,0.9022800000000001,0.9855628571428572,0.9322186666666668
2026-08-19,I_009,0.82194,2,0,8,19,0.69937,0.9311200000000001,0.9565757142857144,0.914949
2026-08-20,I_009,0.9033100000000001,3,0,8,20,0.82194,0.8734400000000001,0.9409785714285714,0.9196183333333334
2026-08-21,I_009,1.14124,4,0,8,21,0.9033100000000001,1.03,0.9452457142857144,0.9256610000000001
2026-06-23,I_010,3.6941000000000006,1,0,6,23,,,,
2026-06-24,I_010,3.2171000000000007,2,0,6,24,3.6941000000000006,,3.6941000000000006,3.6941000000000006
2026-06-25,I_010,4.0280000000000005,3,0,6,25,3.2171000000000007,,3.4556000000000004,3.4556000000000004
2026-06-26,I_010,4.552700000000001,4,0,6,26,4.0280000000000005,,3.6464000000000003,3.6464000000000003
2026-06-27,I_010,5.681600000000001,5,1,6,27,4.552700000000001,,3.8729750000000003,3.8729750000000003
2026-06-28,I_010,5.0456,6,1,6,28,5.681600000000001,,4.234700000000001,4.234700000000001
2026-06-29,I_010,3.2383000000000006,0,0,6,29,5.0456,,4.3698500000000005,4.3698500000000005
2026-06-30,I_010,2.9892000000000003,1,0,6,30,3.2383000000000006,3.6941000000000006,4.208200000000001,4.208200000000001
2026-07-01,I_010,3.3549000000000007,2,0,7,1,2.9892000000000003,3.2171000000000007,4.1075,4.0558250000000005
2026-07-02,I_010,3.1588000000000003,3,0,7,2,3.3549000000000007,4.0280000000000005,4.127185714285715,3.9779444444444447
2026-07-03,I_010,4.5474000000000006,4,0,7,3,3.1588000000000003,4.552700000000001,4.003014285714286,3.8960300000000005
2026-07-04,I_010,6.3759000000000015,5,1,7,4,4.5474000000000006,5.681600000000001,4.002257142857144,3.955245454545455
2026-07-05,I_010,4.722300000000001,6,1,7,5,6.3759000000000015,5.0456,4.101442857142858,4.156966666666667
2026-07-06,I_010,3.2648000000000006,0,0,7,6,4.722300000000001,3.2383000000000006,4.055257142857143,4.200453846153847
2026-07-07,I_010,2.8408000000000007,1,0,7,7,3.2648000000000006,2.9892000000000003,4.059042857142858,4.133621428571429
2026-07-08,I_010,2.8991000000000007,2,0,7,8,2.8408000000000007,3.3549000000000007,4.0378428571428575,4.047433333333334
2026-07-09,I_010,3.5510000000000006,3,0,7,9,2.8991000000000007,3.1588000000000003,3.972728571428572,3.9756625000000008
2026-07-10,I_010,5.0403,4,0,7,10,3.5510000000000006,4.5474000000000006,4.028757142857144,3.9506823529411768
2026-07-11,I_010,6.179800000000001,5,1,7,11,5.0403,6.3759000000000015,4.099171428571429,4.011216666666667
2026-07-12,I_010,4.669300000000001,6,1,7,12,6.179800000000001,4.722300000000001,4.071157142857143,4.125352631578948
2026-07-13,I_010,3.6040000000000005,0,0,7,13,4.669300000000001,3.2648000000000006,4.063585714285715,4.152550000000001
2026-07-14,I_010,3.195900000000001,1,0,7,14,3.6040000000000005,2.8408000000000007,4.112042857142858,4.126428571428572
2026-07-15,I_010,3.3390000000000004,2,0,7,15,3.195900000000001,2.8991000000000007,4.162771428571429,4.0841318181818185
2026-07-16,I_010,3.657000000000001,3,0,7,16,3.3390000000000004,3.5510000000000006,4.225614285714287,4.051734782608696
2026-07-17,I_010,4.0068,4,0,7,17,3.657000000000001,5.0403,4.240757142857143,4.035287500000001
2026-07-18,I_010,5.0032000000000005,5,1,7,18,4.0068,6.179800000000001,4.093114285714286,4.034148000000001
2026-07-19,I_010,5.141000000000001,6,1,7,19,5.0032000000000005,4.669300000000001,3.925028571428572,4.071419230769231
2026-07-20,I_010,3.1853000000000007,0,0,7,20,5.141000000000001,3.6040000000000005,3.9924142857142866,4.111033333333334
2026-07-21,I_010,3.2595000000000005,1,0,7,21,3.1853000000000007,3.195900000000001,3.9326000000000008,4.077971428571429
2026-07-22,I_010,3.3867000000000003,2,0,7,22,3.2595000000000005,3.3390000000000004,3.941685714285715,4.049748275862069
2026-07-23,I_010,2.9256000000000006,3,0,7,23,3.3867000000000003,3.657000000000001,3.9485,4.0276466666666675
2026-07-24,I_010,4.876000000000001,4,0,7,24,2.9256000000000006,4.0068,3.8440142857142865,4.00203
2026-07-25,I_010,5.1728000000000005,5,1,7,25,4.876000000000001,5.0032000000000005,3.9681857142857155,4.0573266666666665
2026-07-26,I_010,4.891900000000001,6,1,7,26,5.1728000000000005,5.141000000000001,3.992414285714286,4.095486666666668
2026-07-27,I_010,3.4662000000000006,0,0,7,27,4.891900000000001,3.1853000000000007,3.9568285714285714,4.106793333333334
2026-07-28,I_010,2.7666000000000004,1,0,7,28,3.4662000000000006,3.2595000000000005,3.9969571428571435,4.032946666666667
2026-07-29,I_010,3.6729000000000007,2,0,7,29,2.7666000000000004,3.3867000000000003,3.926542857142858,3.956980000000001
2026-07-30,I_010,3.3178000000000005,3,0,7,30,3.6729000000000007,2.9256000000000006,3.9674285714285724,3.971466666666667
2026-07-31,I_010,4.388400000000001,4,0,7,31,3.3178000000000005,4.876000000000001,4.0234571428571435,3.9824200000000003
2026-08-01,I_010,5.178100000000001,5,1,8,1,4.388400000000001,5.1728000000000005,3.9538000000000006,4.016870000000001
2026-08-02,I_010,4.6587000000000005,6,1,8,2,5.178100000000001,4.891900000000001,3.9545571428571438,4.084180000000001
2026-08-03,I_010,3.0051000000000005,0,0,8,3,4.6587000000000005,3.4662000000000006,3.921242857142858,4.087890000000001
2026-08-04,I_010,3.1164000000000005,1,0,8,4,3.0051000000000005,2.7666000000000004,3.8553714285714284,3.975530000000001
2026-08-05,I_010,3.3390000000000004,2,0,8,5,3.1164000000000005,3.6729000000000007,3.905342857142858,3.922000000000001
2026-08-06,I_010,4.091600000000001,3,0,8,6,3.3390000000000004,3.3178000000000005,3.8576428571428574,3.9244733333333337
2026-08-07,I_010,4.5898,4,0,8,7,4.091600000000001,4.388400000000001,3.9681857142857146,3.966166666666667
2026-08-08,I_010,4.817700000000001,5,1,8,8,4.5898,5.178100000000001,3.9969571428571435,4.022523333333334
2026-08-09,I_010,4.4732,6,1,8,9,4.817700000000001,4.6587000000000005,3.9454714285714294,4.064746666666667
2026-08-10,I_010,3.1005000000000003,0,0,8,10,4.4732,3.0051000000000005,3.918971428571429,4.045843333333334
2026-08-11,I_010,4.123400000000001,1,0,8,11,3.1005000000000003,3.1164000000000005,3.9326000000000003,3.9432000000000005
2026-08-12,I_010,3.8372000000000006,2,0,8,12,4.123400000000001,3.3390000000000004,4.0764571428571434,3.925003333333334
2026-08-13,I_010,3.6464000000000008,3,0,8,13,3.8372000000000006,4.091600000000001,4.147628571428572,3.9327766666666673
2026-08-14,I_010,4.293000000000001,4,0,8,14,3.6464000000000008,4.5898,4.084028571428572,3.947793333333334
2026-08-15,I_010,4.982000000000001,5,1,8,15,4.293000000000001,4.817700000000001,4.041628571428572,3.979593333333334
2026-08-16,I_010,5.2841000000000005,6,1,8,16,4.982000000000001,4.4732,4.0651,4.02376
2026-08-17,I_010,3.2595000000000005,0,0,8,17,5.2841000000000005,3.1005000000000003,4.180942857142858,4.066336666666667
2026-08-18,I_010,3.429100000000001,1,0,8,18,3.2595000000000005,4.123400000000001,4.203657142857144,4.008213333333334
2026-08-19,I_010,3.6941000000000006,2,0,8,19,3.429100000000001,3.8372000000000006,4.10447142857143,3.9511500000000006
2026-08-20,I_010,3.9485000000000006,3,0,8,20,3.6941000000000006,3.6464000000000008,4.084028571428572,3.968110000000001
2026-08-21,I_010,5.310600000000001,4,0,8,21,3.9485000000000006,4.293000000000001,4.127185714285715,3.9910766666666673
2026-06-23,I_011,0.8240000000000001,1,0,6,23,,,,
2026-06-24,I_011,0.9074300000000001,2,0,6,24,0.8240000000000001,,0.8240000000000001,0.8240000000000001
2026-06-25,I_011,0.9156700000000001,3,0,6,25,0.9074300000000001,,0.865715,0.865715
2026-06-26,I_011,1.1031300000000002,4,0,6,26,0.9156700000000001,,0.8823666666666666,0.8823666666666666
2026-06-27,I_011,1.5295500000000002,5,1,6,27,1.1031300000000002,,0.9375575,0.9375575
2026-06-28,I_011,1.26381,6,1,6,28,1.5295500000000002,,1.0559560000000001,1.0559560000000001
2026-06-29,I_011,0.80649,0,0,6,29,1.26381,,1.0905983333333336,1.0905983333333336
2026-06-30,I_011,0.85284,1,0,6,30,0.80649,0.8240000000000001,1.0500114285714288,1.0500114285714288
2026-07-01,I_011,0.9362700000000002,2,0,7,1,0.85284,0.9074300000000001,1.0541314285714287,1.025365
2026-07-02,I_011,0.9888000000000001,3,0,7,2,0.9362700000000002,0.9156700000000001,1.0582514285714286,1.0154655555555556
2026-07-03,I_011,1.32149,4,0,7,3,0.9888000000000001,1.1031300000000002,1.0686985714285717,1.012799
2026-07-04,I_011,1.5820800000000002,5,1,7,4,1.32149,1.5295500000000002,1.0998928571428572,1.0408618181818183
2026-07-05,I_011,1.28441,6,1,7,5,1.5820800000000002,1.26381,1.107397142857143,1.0859633333333334
2026-07-06,I_011,0.90022,0,0,7,6,1.28441,0.80649,1.11034,1.1012284615384618
2026-07-07,I_011,0.7776500000000001,1,0,7,7,0.90022,0.85284,1.1237300000000001,1.0868707142857144
2026-07-08,I_011,0.8682900000000001,2,0,7,8,0.7776500000000001,0.9362700000000002,1.1129885714285714,1.066256
2026-07-09,I_011,0.8909500000000001,3,0,7,9,0.8682900000000001,0.9888000000000001,1.1032771428571428,1.053883125
2026-07-10,I_011,1.22055,4,0,7,10,0.8909500000000001,1.32149,1.0892985714285714,1.0442988235294117
2026-07-11,I_011,1.4904100000000002,5,1,7,11,1.22055,1.5820800000000002,1.0748785714285716,1.0540905555555555
2026-07-12,I_011,1.36578,6,1,7,12,1.4904100000000002,1.28441,1.0617828571428571,1.0770547368421053
2026-07-13,I_011,0.8909500000000001,0,0,7,13,1.36578,0.90022,1.073407142857143,1.091491
2026-07-14,I_011,0.90434,1,0,7,14,0.8909500000000001,0.7776500000000001,1.0720828571428573,1.0819414285714286
2026-07-15,I_011,0.8641700000000001,2,0,7,15,0.90434,0.8682900000000001,1.0901814285714286,1.0738686363636365
2026-07-16,I_011,0.8888900000000001,3,0,7,16,0.8641700000000001,0.8909500000000001,1.0895928571428573,1.064751304347826
2026-07-17,I_011,1.1639000000000002,4,0,7,17,0.8888900000000001,1.22055,1.0892985714285717,1.05742375
2026-07-18,I_011,1.2617500000000001,5,1,7,18,1.1639000000000002,1.4904100000000002,1.0812057142857143,1.0616828
2026-07-19,I_011,1.3091300000000001,6,1,7,19,1.2617500000000001,1.36578,1.04854,1.0693776923076923
2026-07-20,I_011,0.82503,0,0,7,20,1.3091300000000001,0.8909500000000001,1.040447142857143,1.0782574074074074
2026-07-21,I_011,0.8600500000000001,1,0,7,21,0.82503,0.90434,1.0310300000000001,1.0692135714285715
2026-07-22,I_011,0.7828,2,0,7,22,0.8600500000000001,0.8641700000000001,1.0247028571428574,1.0620010344827588
2026-07-23,I_011,0.9290600000000001,3,0,7,23,0.7828,0.8888900000000001,1.0130785714285715,1.0526943333333334
2026-07-24,I_011,1.21849,4,0,7,24,0.9290600000000001,1.1639000000000002,1.0188171428571429,1.0561963333333333
2026-07-25,I_011,1.5182200000000001,5,1,7,25,1.21849,1.2617500000000001,1.0266157142857144,1.0665650000000002
2026-07-26,I_011,1.27926,6,1,7,26,1.5182200000000001,1.3091300000000001,1.063254285714286,1.08665
2026-07-27,I_011,0.9424500000000001,0,0,7,27,1.27926,0.82503,1.058987142857143,1.092521
2026-07-28,I_011,0.7755900000000001,1,0,7,28,0.9424500000000001,0.8600500000000001,1.0757614285714285,1.072951
2026-07-29,I_011,0.9115500000000001,2,0,7,29,0.7755900000000001,0.7828,1.0636957142857144,1.056677
2026-07-30,I_011,0.88065,3,0,7,30,0.9115500000000001,0.9290600000000001,1.0820885714285715,1.0601790000000002
2026-07-31,I_011,1.25042,4,0,7,31,0.88065,1.21849,1.0751728571428572,1.061106
2026-08-01,I_011,1.3307600000000002,5,1,8,1,1.25042,1.5182200000000001,1.0797342857142858,1.0715776666666668
2026-08-02,I_011,1.36681,6,1,8,2,1.3307600000000002,1.27926,1.0529542857142857,1.0829763333333335
2026-08-03,I_011,0.7961900000000001,0,0,8,3,1.36681,0.9424500000000001,1.0654614285714286,1.084487
2026-08-04,I_011,0.8682900000000001,1,0,8,4,0.7961900000000001,0.7755900000000001,1.044567142857143,1.0582906666666667
2026-08-05,I_011,0.78795,2,0,8,5,0.8682900000000001,0.9115500000000001,1.0578100000000001,1.0444200000000001
2026-08-06,I_011,0.9517200000000001,3,0,8,6,0.78795,0.88065,1.0401528571428573,1.0406776666666668
2026-08-07,I_011,1.1062200000000002,4,0,8,7,0.9517200000000001,1.25042,1.0503057142857144,1.04648
2026-08-08,I_011,1.4080100000000002,5,1,8,8,1.1062200000000002,1.3307600000000002,1.0297057142857144,1.0544110000000002
2026-08-09,I_011,1.22055,6,1,8,9,1.4080100000000002,1.36681,1.0407414285714287,1.0716463333333335
2026-08-10,I_011,0.79413,0,0,8,10,1.22055,0.7961900000000001,1.019847142857143,1.0716463333333335
2026-08-11,I_011,0.9476000000000001,1,0,8,11,0.79413,0.8682900000000001,1.0195528571428574,1.048437
2026-08-12,I_011,0.9980700000000001,2,0,8,12,0.9476000000000001,0.78795,1.0308828571428572,1.0344976666666668
2026-08-13,I_011,0.9208200000000001,3,0,8,13,0.9980700000000001,0.9517200000000001,1.0609000000000002,1.0380683333333336
2026-08-14,I_011,1.12888,4,0,8,14,0.9208200000000001,1.1062200000000002,1.0564857142857145,1.0386176666666667
2026-08-15,I_011,1.4183100000000002,5,1,8,15,1.12888,1.4080100000000002,1.0597228571428572,1.0474413333333334
2026-08-16,I_011,1.3122200000000002,6,1,8,16,1.4183100000000002,1.22055,1.0611942857142858,1.0650886666666668
2026-08-17,I_011,0.8332700000000001,0,0,8,17,1.3122200000000002,0.79413,1.07429,1.0700326666666666
2026-08-18,I_011,0.79207,1,0,8,18,0.8332700000000001,0.9476000000000001,1.0798814285714287,1.0557500000000002
2026-08-19,I_011,0.8919800000000001,2,0,8,19,0.79207,0.9980700000000001,1.0576628571428572,1.038514666666667
2026-08-20,I_011,1.04339,3,0,8,20,0.8919800000000001,0.9208200000000001,1.042507142857143,1.0407463333333336
2026-08-21,I_011,1.1505100000000001,4,0,8,21,1.04339,1.12888,1.060017142857143,1.0468576666666667
2026-06-23,I_012,1.39256,1,0,6,23,,,,
2026-06-24,I_012,1.44921,2,0,6,24,1.39256,,1.39256,1.39256
2026-06-25,I_012,1.61504,3,0,6,25,1.44921,,1.4208850000000002,1.4208850000000002
2026-06-26,I_012,1.8179500000000002,4,0,6,26,1.61504,,1.4856033333333334,1.4856033333333334
2026-06-27,I_012,2.51114,5,1,6,27,1.8179500000000002,,1.5686900000000001,1.5686900000000001
2026-06-28,I_012,2.03013,6,1,6,28,2.51114,,1.7571800000000004,1.7571800000000004
2026-06-29,I_012,1.33488,0,0,6,29,2.03013,,1.802671666666667,1.802671666666667
2026-06-30,I_012,1.36887,1,0,6,30,1.33488,1.39256,1.735844285714286,1.735844285714286
2026-07-01,I_012,1.45642,2,0,7,1,1.36887,1.44921,1.73246,1.6899725
2026-07-02,I_012,1.5975300000000001,3,0,7,2,1.45642,1.61504,1.73349,1.6640222222222223
2026-07-03,I_012,1.98069,4,0,7,3,1.5975300000000001,1.8179500000000002,1.7309885714285715,1.6573730000000002
2026-07-04,I_012,2.47818,5,1,7,4,1.98069,2.51114,1.7542371428571428,1.6867654545454547
2026-07-05,I_012,2.05073,6,1,7,5,2.47818,2.03013,1.7495285714285715,1.752716666666667
2026-07-06,I_012,1.3946200000000002,0,0,7,6,2.05073,1.33488,1.7524714285714287,1.7756407692307692
2026-07-07,I_012,1.2596900000000002,1,0,7,7,1.3946200000000002,1.36887,1.7610057142857143,1.748425
2026-07-08,I_012,1.3493000000000002,2,0,7,8,1.2596900000000002,1.45642,1.7454085714285716,1.7158426666666668
2026-07-09,I_012,1.4234600000000002,3,0,7,9,1.3493000000000002,1.5975300000000001,1.7301057142857146,1.6929337500000001
2026-07-10,I_012,1.9240400000000002,4,0,7,10,1.4234600000000002,1.98069,1.7052385714285716,1.6770823529411765
2026-07-11,I_012,2.49466,5,1,7,11,1.9240400000000002,2.47818,1.6971457142857143,1.6908022222222223
2026-07-12,I_012,2.0517600000000003,6,1,7,12,2.49466,2.05073,1.6995,1.7331105263157898
2026-07-13,I_012,1.4389100000000001,0,0,7,13,2.0517600000000003,1.3946200000000002,1.6996471428571431,1.749043
2026-07-14,I_012,1.4111000000000002,1,0,7,14,1.4389100000000001,1.2596900000000002,1.7059742857142859,1.7342747619047618
2026-07-15,I_012,1.49556,2,0,7,15,1.4111000000000002,1.3493000000000002,1.7276042857142857,1.7195850000000001
2026-07-16,I_012,1.4389100000000001,3,0,7,16,1.49556,1.4234600000000002,1.7484985714285717,1.7098447826086958
2026-07-17,I_012,1.9446400000000001,4,0,7,17,1.4389100000000001,1.9240400000000002,1.7507057142857145,1.6985558333333335
2026-07-18,I_012,2.08163,5,1,7,18,1.9446400000000001,2.49466,1.7536485714285717,1.7083992000000001
2026-07-19,I_012,2.14446,6,1,7,19,2.08163,2.0517600000000003,1.6946442857142858,1.722754230769231
2026-07-20,I_012,1.25042,0,0,7,20,2.14446,1.4389100000000001,1.707887142857143,1.738372962962963
2026-07-21,I_012,1.38947,1,0,7,21,1.25042,1.4111000000000002,1.6809600000000002,1.7209460714285716
2026-07-22,I_012,1.31634,2,0,7,22,1.38947,1.49556,1.6778700000000002,1.7095158620689657
2026-07-23,I_012,1.4100700000000002,3,0,7,23,1.31634,1.4389100000000001,1.652267142857143,1.6964100000000002
2026-07-24,I_012,1.9724500000000003,4,0,7,24,1.4100700000000002,1.9446400000000001,1.648147142857143,1.6969936666666667
2026-07-25,I_012,2.36076,5,1,7,25,1.9724500000000003,2.08163,1.65212,1.7144350000000004
2026-07-26,I_012,2.0806,6,1,7,26,2.36076,2.14446,1.6919957142857143,1.7392923333333337
2026-07-27,I_012,1.41934,0,0,7,27,2.0806,1.25042,1.6828728571428573,1.7480473333333333
2026-07-28,I_012,1.18965,1,0,7,28,1.41934,1.38947,1.7070042857142858,1.7116540000000002
2026-07-29,I_012,1.53367,2,0,7,29,1.18965,1.31634,1.6784585714285716,1.6836380000000004
2026-07-30,I_012,1.5141000000000002,3,0,7,30,1.53367,1.4100700000000002,1.7095057142857144,1.6902643333333336
2026-07-31,I_012,1.94876,4,0,7,31,1.5141000000000002,1.9724500000000003,1.7243671428571432,1.6951053333333335
2026-08-01,I_012,2.17742,5,1,8,1,1.94876,2.36076,1.7209828571428574,1.711516666666667
2026-08-02,I_012,2.17845,6,1,8,2,2.17742,2.0806,1.6947914285714287,1.7308463333333335
2026-08-03,I_012,1.2905900000000001,0,0,8,3,2.17845,1.41934,1.70877,1.7374383333333334
2026-08-04,I_012,1.3287,1,0,8,4,1.2905900000000001,1.18965,1.6903771428571428,1.6978520000000001
2026-08-05,I_012,1.42449,2,0,8,5,1.3287,1.53367,1.7102414285714287,1.6737843333333333
2026-08-06,I_012,1.4667200000000002,3,0,8,6,1.42449,1.5141000000000002,1.6946442857142858,1.6747800000000004
2026-08-07,I_012,1.87666,4,0,8,7,1.4667200000000002,1.94876,1.6878757142857144,1.6816810000000002
2026-08-08,I_012,2.26188,5,1,8,8,1.87666,2.17742,1.6775757142857144,1.6992596666666666
2026-08-09,I_012,1.9261000000000001,6,1,8,9,2.26188,2.17845,1.6896414285714287,1.727207
2026-08-10,I_012,1.26896,0,0,8,10,1.9261000000000001,1.2905900000000001,1.6535914285714288,1.7272756666666669
2026-08-11,I_012,1.57796,1,0,8,11,1.26896,1.3287,1.6505014285714288,1.6864190000000001
2026-08-12,I_012,1.5872300000000001,2,0,8,12,1.57796,1.42449,1.68611,1.6706256666666668
2026-08-13,I_012,1.5027700000000002,3,0,8,13,1.5872300000000001,1.4667200000000002,1.7093585714285717,1.6755696666666668
2026-08-14,I_012,1.8622400000000001,4,0,8,14,1.5027700000000002,1.87666,1.7145085714285717,1.6786253333333334
2026-08-15,I_012,2.20935,5,1,8,15,1.8622400000000001,2.26188,1.7124485714285715,1.6908480000000001
2026-08-16,I_012,2.0733900000000003,6,1,8,16,2.20935,1.9261000000000001,1.7049442857142858,1.7165293333333336
2026-08-17,I_012,1.4286100000000002,0,0,8,17,2.0733900000000003,1.26896,1.7259857142857145,1.7208210000000002
2026-08-18,I_012,1.3596000000000001,1,0,8,18,1.4286100000000002,1.57796,1.7487928571428575,1.6990536666666667
2026-08-19,I_012,1.45436,2,0,8,19,1.3596000000000001,1.5872300000000001,1.7175985714285715,1.6728916666666669
2026-08-20,I_012,1.5975300000000001,3,0,8,20,1.45436,1.5027700000000002,1.698617142857143,1.6796896666666667
2026-08-21,I_012,1.97863,4,0,8,21,1.5975300000000001,1.8622400000000001,1.712154285714286,1.686625
2026-06-23,I_013,3.40416,1,0,6,23,,,,
2026-06-24,I_013,3.5229600000000003,2,0,6,24,3.40416,,3.40416,3.40416
2026-06-25,I_013,4.01544,3,0,6,25,3.5229600000000003,,3.46356,3.46356
2026-06-26,I_013,4.5360000000000005,4,0,6,26,4.01544,,3.64752,3.64752
2026-06-27,I_013,6.2208000000000006,5,1,6,27,4.5360000000000005,,3.8696400000000004,3.8696400000000004
2026-06-28,I_013,5.168880000000001,6,1,6,28,6.2208000000000006,,4.339872000000001,4.339872000000001
2026-06-29,I_013,3.3782400000000004,0,0,6,29,5.168880000000001,,4.47804,4.47804
2026-06-30,I_013,3.5532000000000004,1,0,6,30,3.3782400000000004,3.40416,4.320925714285715,4.320925714285715
2026-07-01,I_013,3.6331200000000003,2,0,7,1,3.5532000000000004,3.5229600000000003,4.342217142857143,4.22496
2026-07-02,I_013,3.99384,3,0,7,2,3.6331200000000003,4.01544,4.357954285714286,4.1592
2026-07-03,I_013,5.0133600000000005,4,0,7,3,3.99384,4.5360000000000005,4.354868571428572,4.142664000000001
2026-07-04,I_013,6.13008,5,1,7,4,5.0133600000000005,6.2208000000000006,4.423062857142858,4.221818181818183
2026-07-05,I_013,5.27256,6,1,7,5,6.13008,5.168880000000001,4.410102857142857,4.38084
2026-07-06,I_013,3.3480000000000003,0,0,7,6,5.27256,3.3782400000000004,4.424914285714286,4.4494338461538465
2026-07-07,I_013,3.1406400000000003,1,0,7,7,3.3480000000000003,3.5532000000000004,4.420594285714286,4.37076
2026-07-08,I_013,3.41928,2,0,7,8,3.1406400000000003,3.6331200000000003,4.361657142857143,4.288752000000001
2026-07-09,I_013,3.66984,3,0,7,9,3.41928,3.99384,4.3311085714285715,4.2344100000000005
2026-07-10,I_013,4.74336,4,0,7,10,3.66984,5.0133600000000005,4.284822857142857,4.2012
2026-07-11,I_013,6.20784,5,1,7,11,4.74336,6.13008,4.246251428571429,4.23132
2026-07-12,I_013,5.231520000000001,6,1,7,12,6.20784,5.27256,4.25736,4.335347368421052
2026-07-13,I_013,3.7281600000000004,0,0,7,13,5.231520000000001,3.3480000000000003,4.251497142857143,4.380156
2026-07-14,I_013,3.5704800000000003,1,0,7,14,3.7281600000000004,3.1406400000000003,4.3058057142857145,4.349108571428571
2026-07-15,I_013,3.7648800000000002,2,0,7,15,3.5704800000000003,3.41928,4.367211428571429,4.313716363636364
2026-07-16,I_013,3.6288,3,0,7,16,3.7648800000000002,3.66984,4.416582857142858,4.289853913043478
2026-07-17,I_013,4.87296,4,0,7,17,3.6288,4.74336,4.41072,4.26231
2026-07-18,I_013,5.3308800000000005,5,1,7,18,4.87296,6.20784,4.429234285714286,4.286736
2026-07-19,I_013,5.4280800000000005,6,1,7,19,5.3308800000000005,5.231520000000001,4.303954285714286,4.326895384615385
2026-07-20,I_013,3.3177600000000003,0,0,7,20,5.4280800000000005,3.7281600000000004,4.332034285714285,4.36768
2026-07-21,I_013,3.46464,1,0,7,21,3.3177600000000003,3.5704800000000003,4.2734057142857145,4.330182857142858
2026-07-22,I_013,3.42576,2,0,7,22,3.46464,3.7648800000000002,4.258285714285715,4.300336551724138
2026-07-23,I_013,3.6072,3,0,7,23,3.42576,3.6288,4.20984,4.271184000000001
2026-07-24,I_013,4.87512,4,0,7,24,3.6072,4.87296,4.206754285714286,4.277952
2026-07-25,I_013,5.965920000000001,5,1,7,25,4.87512,5.3308800000000005,4.207062857142857,4.323024
2026-07-26,I_013,5.36544,6,1,7,26,5.965920000000001,5.4280800000000005,4.297782857142858,4.38804
2026-07-27,I_013,3.6979200000000003,0,0,7,27,5.36544,3.3177600000000003,4.288834285714286,4.415688
2026-07-28,I_013,3.2162400000000004,1,0,7,28,3.6979200000000003,3.46464,4.343142857142857,4.3315920000000006
2026-07-29,I_013,3.9204000000000003,2,0,7,29,3.2162400000000004,3.42576,4.307657142857143,4.266504
2026-07-30,I_013,3.65688,3,0,7,30,3.9204000000000003,3.6072,4.37832,4.284576
2026-07-31,I_013,4.95288,4,0,7,31,3.65688,4.87512,4.3854171428571425,4.288032
2026-08-01,I_013,5.57712,5,1,8,1,4.95288,5.965920000000001,4.396525714285715,4.3320240000000005
2026-08-02,I_013,5.4648,6,1,8,2,5.57712,5.36544,4.3409828571428575,4.3848
2026-08-03,I_013,3.45168,0,0,8,3,5.4648,3.6979200000000003,4.355177142857143,4.399848
2026-08-04,I_013,3.41496,1,0,8,4,3.45168,3.2162400000000004,4.32,4.310568000000001
2026-08-05,I_013,3.41712,2,0,8,5,3.41496,3.9204000000000003,4.348388571428571,4.248648
2026-08-06,I_013,3.7454400000000003,3,0,8,6,3.41712,3.65688,4.276491428571428,4.250952000000001
2026-08-07,I_013,4.5036000000000005,4,0,8,7,3.7454400000000003,4.95288,4.289142857142858,4.2711120000000005
2026-08-08,I_013,5.6160000000000005,5,1,8,8,4.5036000000000005,5.57712,4.22496,4.307256
2026-08-09,I_013,4.786560000000001,6,1,8,9,5.6160000000000005,5.4648,4.230514285714286,4.372128000000001
2026-08-10,I_013,3.2335200000000004,0,0,8,10,4.786560000000001,3.45168,4.133622857142858,4.373568000000001
2026-08-11,I_013,3.8728800000000003,1,0,8,11,3.2335200000000004,3.41496,4.102457142857143,4.274424
2026-08-12,I_013,3.73896,2,0,8,12,3.8728800000000003,3.41712,4.167874285714286,4.2291360000000005
2026-08-13,I_013,3.7778400000000003,3,0,8,13,3.73896,3.7454400000000003,4.213851428571429,4.229496
2026-08-14,I_013,4.6764,4,0,8,14,3.7778400000000003,4.5036000000000005,4.2184800000000005,4.236408
2026-08-15,I_013,5.65488,5,1,8,15,4.6764,5.6160000000000005,4.243165714285714,4.266792
2026-08-16,I_013,5.32008,6,1,8,16,5.65488,4.786560000000001,4.2487200000000005,4.334328
2026-08-17,I_013,3.5035200000000004,0,0,8,17,5.32008,3.2335200000000004,4.324937142857143,4.349232000000001
2026-08-18,I_013,3.20976,1,0,8,18,3.5035200000000004,3.8728800000000003,4.363508571428572,4.28832
2026-08-19,I_013,3.6352800000000003,2,0,8,19,3.20976,3.73896,4.268777142857143,4.214376000000001
2026-08-20,I_013,4.06512,3,0,8,20,3.6352800000000003,3.7778400000000003,4.253965714285715,4.22496
2026-08-21,I_013,4.89888,4,0,8,21,4.06512,4.6764,4.295005714285715,4.244976
2026-06-23,I_014,3.3631200000000003,1,0,6,23,,,,
2026-06-24,I_014,3.47976,2,0,6,24,3.3631200000000003,,3.3631200000000003,3.3631200000000003
2026-06-25,I_014,3.9614400000000005,3,0,6,25,3.47976,,3.4214400000000005,3.4214400000000005
2026-06-26,I_014,4.47768,4,0,6,26,3.9614400000000005,,3.60144,3.60144
2026-06-27,I_014,6.13224,5,1,6,27,4.47768,,3.8205000000000005,3.8205000000000005
2026-06-28,I_014,5.0868,6,1,6,28,6.13224,,4.282848,4.282848
2026-06-29,I_014,3.3156000000000003,0,0,6,29,5.0868,,4.4168400000000005,4.4168400000000005
2026-06-30,I_014,3.50568,1,0,6,30,3.3156000000000003,3.3631200000000003,4.25952,4.25952
2026-07-01,I_014,3.5856000000000003,2,0,7,1,3.50568,3.47976,4.279885714285714,4.165290000000001
2026-07-02,I_014,3.9528000000000003,3,0,7,2,3.5856000000000003,3.9614400000000005,4.295005714285715,4.10088
2026-07-03,I_014,4.95504,4,0,7,3,3.9528000000000003,4.47768,4.2937714285714295,4.086072
2026-07-04,I_014,6.0652800000000004,5,1,7,4,4.95504,6.13224,4.361965714285715,4.165069090909092
2026-07-05,I_014,5.21208,6,1,7,5,6.0652800000000004,5.0868,4.3524,4.3234200000000005
2026-07-06,I_014,3.3264,0,0,7,6,5.21208,3.3156000000000003,4.370297142857143,4.391778461538462
2026-07-07,I_014,3.1082400000000003,1,0,7,7,3.3264,3.50568,4.371840000000001,4.31568
2026-07-08,I_014,3.3782400000000004,2,0,7,8,3.1082400000000003,3.5856000000000003,4.315062857142857,4.235184
2026-07-09,I_014,3.62448,3,0,7,9,3.3782400000000004,3.9528000000000003,4.28544,4.181625
2026-07-10,I_014,4.6958400000000005,4,0,7,10,3.62448,4.95504,4.238537142857143,4.148851764705883
2026-07-11,I_014,6.1452,5,1,7,11,4.6958400000000005,6.0652800000000004,4.201508571428572,4.17924
2026-07-12,I_014,5.15808,6,1,7,12,6.1452,5.21208,4.212925714285715,4.282711578947368
2026-07-13,I_014,3.66984,0,0,7,13,5.15808,3.3264,4.205211428571429,4.32648
2026-07-14,I_014,3.51432,1,0,7,14,3.66984,3.1082400000000003,4.254274285714286,4.295211428571429
2026-07-15,I_014,3.7152000000000003,2,0,7,15,3.51432,3.3782400000000004,4.312285714285714,4.259716363636364
2026-07-16,I_014,3.5704800000000003,3,0,7,16,3.7152000000000003,3.62448,4.360422857142857,4.236041739130435
2026-07-17,I_014,4.806,4,0,7,17,3.5704800000000003,4.6958400000000005,4.352708571428572,4.20831
2026-07-18,I_014,5.25528,5,1,7,18,4.806,6.1452,4.3684457142857145,4.2322176
2026-07-19,I_014,5.358960000000001,6,1,7,19,5.25528,5.15808,4.241314285714286,4.271566153846154
2026-07-20,I_014,3.27456,0,0,7,20,5.358960000000001,3.66984,4.270011428571428,4.31184
2026-07-21,I_014,3.41928,1,0,7,21,3.27456,3.51432,4.2135428571428575,4.274794285714286
2026-07-22,I_014,3.37824,2,0,7,22,3.41928,3.7152000000000003,4.199965714285715,4.245293793103449
2026-07-23,I_014,3.5704800000000003,3,0,7,23,3.37824,3.5704800000000003,4.151828571428571,4.216392000000001
2026-07-24,I_014,4.816800000000001,4,0,7,24,3.5704800000000003,4.806,4.151828571428571,4.223304000000001
2026-07-25,I_014,5.91192,5,1,7,25,4.816800000000001,5.25528,4.153371428571428,4.2678720000000006
2026-07-26,I_014,5.28552,6,1,7,26,5.91192,5.358960000000001,4.247177142857143,4.332888
2026-07-27,I_014,3.6504000000000003,0,0,7,27,5.28552,3.27456,4.236685714285715,4.359816
2026-07-28,I_014,3.16224,1,0,7,28,3.6504000000000003,3.41928,4.290377142857143,4.277088
2026-07-29,I_014,3.8707200000000004,2,0,7,29,3.16224,3.37824,4.253657142857143,4.212936
2026-07-30,I_014,3.6072,3,0,7,30,3.8707200000000004,3.5704800000000003,4.324011428571429,4.23144
2026-07-31,I_014,4.8859200000000005,4,0,7,31,3.6072,4.816800000000001,4.329257142857143,4.234824
2026-08-01,I_014,5.486400000000001,5,1,8,1,4.8859200000000005,5.91192,4.339131428571429,4.278168
2026-08-02,I_014,5.4,6,1,8,2,5.486400000000001,5.28552,4.2783428571428574,4.329288000000001
2026-08-03,I_014,3.3804000000000003,0,0,8,3,5.4,3.6504000000000003,4.294697142857143,4.34412
2026-08-04,I_014,3.3631200000000003,1,0,8,4,3.3804000000000003,3.16224,4.256125714285715,4.254624000000001
2026-08-05,I_014,3.3825600000000002,2,0,8,5,3.3631200000000003,3.8707200000000004,4.284822857142857,4.192992
2026-08-06,I_014,3.7108800000000004,3,0,8,6,3.3825600000000002,3.6072,4.215085714285715,4.194864
2026-08-07,I_014,4.44528,4,0,8,7,3.7108800000000004,4.8859200000000005,4.229897142857143,4.214952
2026-08-08,I_014,5.5404,5,1,8,8,4.44528,5.486400000000001,4.166948571428572,4.25052
2026-08-09,I_014,4.73256,6,1,8,9,5.5404,5.4,4.174662857142857,4.314384
2026-08-10,I_014,3.1989600000000005,0,0,8,10,4.73256,3.3804000000000003,4.079314285714286,4.315608
2026-08-11,I_014,3.83184,1,0,8,11,3.1989600000000005,3.3631200000000003,4.053394285714286,4.2174000000000005
2026-08-12,I_014,3.71304,2,0,8,12,3.83184,3.3825600000000002,4.120354285714286,4.173192
2026-08-13,I_014,3.7152000000000003,3,0,8,13,3.71304,3.7108800000000004,4.167565714285714,4.174632
2026-08-14,I_014,4.60512,4,0,8,14,3.7152000000000003,4.44528,4.168182857142858,4.181328
2026-08-15,I_014,5.57928,5,1,8,15,4.60512,5.5404,4.191017142857143,4.210992
2026-08-16,I_014,5.238,6,1,8,16,5.57928,4.73256,4.196571428571429,4.277952
2026-08-17,I_014,3.4754400000000003,0,0,8,17,5.238,3.1989600000000005,4.268777142857143,4.292352
2026-08-18,I_014,3.18168,1,0,8,18,3.4754400000000003,3.83184,4.308274285714286,4.233024
2026-08-19,I_014,3.5964,2,0,8,19,3.18168,3.71304,4.215394285714286,4.160448000000001
2026-08-20,I_014,4.00896,3,0,8,20,3.5964,3.7152000000000003,4.198731428571429,4.171176
2026-08-21,I_014,4.82976,4,0,8,21,4.00896,4.60512,4.240697142857143,4.190832
2026-06-23,I_015,0.99792,1,0,6,23,,,,
2026-06-24,I_015,1.0616400000000001,2,0,6,24,0.99792,,0.99792,0.99792
2026-06-25,I_015,1.2992400000000002,3,0,6,25,1.0616400000000001,,1.0297800000000001,1.0297800000000001
2026-06-26,I_015,1.37592,4,0,6,26,1.2992400000000002,,1.1196000000000002,1.1196000000000002
2026-06-27,I_015,1.96236,5,1,6,27,1.37592,,1.18368,1.18368
2026-06-28,I_015,1.6308,6,1,6,28,1.96236,,1.3394160000000002,1.3394160000000002
2026-06-29,I_015,1.04004,0,0,6,29,1.6308,,1.38798,1.38798
2026-06-30,I_015,1.16424,1,0,6,30,1.04004,0.99792,1.338274285714286,1.338274285714286
2026-07-01,I_015,1.05732,2,0,7,1,1.16424,1.0616400000000001,1.3620342857142858,1.3165200000000001
2026-07-02,I_015,1.33596,3,0,7,2,1.05732,1.2992400000000002,1.3614171428571427,1.28772
2026-07-03,I_015,1.5606,4,0,7,3,1.33596,1.37592,1.3666628571428572,1.292544
2026-07-04,I_015,1.8187200000000001,5,1,7,4,1.5606,1.96236,1.3930457142857142,1.3169127272727275
2026-07-05,I_015,1.6578000000000002,6,1,7,5,1.8187200000000001,1.6308,1.3725257142857143,1.3587300000000002
2026-07-06,I_015,0.9666,0,0,7,6,1.6578000000000002,1.04004,1.3763828571428574,1.3817353846153846
2026-07-07,I_015,1.00764,1,0,7,7,0.9666,1.16424,1.3658914285714288,1.3520828571428571
2026-07-08,I_015,1.07568,2,0,7,8,1.00764,1.05732,1.34352,1.32912
2026-07-09,I_015,1.16532,3,0,7,9,1.07568,1.33596,1.3461428571428573,1.31328
2026-07-10,I_015,1.4958,4,0,7,10,1.16532,1.5606,1.3217657142857144,1.3045764705882354
2026-07-11,I_015,1.91052,5,1,7,11,1.4958,1.8187200000000001,1.3125085714285714,1.3152
2026-07-12,I_015,1.62216,6,1,7,12,1.91052,1.6578000000000002,1.3256228571428572,1.3465326315789474
2026-07-13,I_015,1.15344,0,0,7,13,1.62216,0.9666,1.3205314285714285,1.360314
2026-07-14,I_015,1.03572,1,0,7,14,1.15344,1.00764,1.347222857142857,1.3504628571428572
2026-07-15,I_015,1.23876,2,0,7,15,1.03572,1.07568,1.3512342857142858,1.3361563636363636
2026-07-16,I_015,1.08,3,0,7,16,1.23876,1.16532,1.3745314285714285,1.3319217391304348
2026-07-17,I_015,1.65996,4,0,7,17,1.08,1.4958,1.3623428571428573,1.321425
2026-07-18,I_015,1.6815600000000002,5,1,7,18,1.65996,1.91052,1.3857942857142855,1.3349664
2026-07-19,I_015,1.7150400000000001,6,1,7,19,1.6815600000000002,1.62216,1.3530857142857144,1.348296923076923
2026-07-20,I_015,1.02708,0,0,7,20,1.7150400000000001,1.15344,1.3663542857142856,1.3618800000000002
2026-07-21,I_015,1.05624,1,0,7,21,1.02708,1.03572,1.3483028571428572,1.3499228571428572
2026-07-22,I_015,1.0476,2,0,7,22,1.05624,1.23876,1.3512342857142858,1.3397958620689656
2026-07-23,I_015,1.13616,3,0,7,23,1.0476,1.08,1.3239257142857144,1.330056
2026-07-24,I_015,1.4763600000000001,4,0,7,24,1.13616,1.65996,1.3319485714285715,1.334664
2026-07-25,I_015,1.83924,5,1,7,25,1.4763600000000001,1.6815600000000002,1.3057200000000002,1.3484880000000001
2026-07-26,I_015,1.836,6,1,7,26,1.83924,1.7150400000000001,1.3282457142857143,1.366488
2026-07-27,I_015,1.1242800000000002,0,0,7,27,1.836,1.02708,1.3455257142857142,1.3818240000000002
2026-07-28,I_015,1.12104,1,0,7,28,1.1242800000000002,1.05624,1.3594114285714287,1.3538880000000002
2026-07-29,I_015,1.21932,2,0,7,29,1.12104,1.0476,1.3686685714285713,1.336896
2026-07-30,I_015,1.09728,3,0,7,30,1.21932,1.13616,1.3932000000000002,1.342872
2026-07-31,I_015,1.51848,4,0,7,31,1.09728,1.4763600000000001,1.3876457142857144,1.3406400000000003
2026-08-01,I_015,1.81224,5,1,8,1,1.51848,1.83924,1.3936628571428573,1.356012
2026-08-02,I_015,1.72908,6,1,8,2,1.81224,1.836,1.3898057142857143,1.371888
2026-08-03,I_015,1.10268,0,0,8,3,1.72908,1.1242800000000002,1.3745314285714285,1.3775039999999998
2026-08-04,I_015,1.0929600000000002,1,0,8,4,1.10268,1.12104,1.3714457142857144,1.353636
2026-08-05,I_015,1.0314,2,0,8,5,1.0929600000000002,1.21932,1.3674342857142858,1.334808
2026-08-06,I_015,1.2128400000000001,3,0,8,6,1.0314,1.09728,1.3405885714285717,1.336968
2026-08-07,I_015,1.37484,4,0,8,7,1.2128400000000001,1.51848,1.3570971428571428,1.3438080000000001
2026-08-08,I_015,1.7982,5,1,8,8,1.37484,1.81224,1.336577142857143,1.35378
2026-08-09,I_015,1.4277600000000001,6,1,8,9,1.7982,1.72908,1.3345714285714287,1.3748760000000002
2026-08-10,I_015,0.9763200000000001,0,0,8,10,1.4277600000000001,1.10268,1.2915257142857146,1.372608
2026-08-11,I_015,1.161,1,0,8,11,0.9763200000000001,1.0929600000000002,1.2734742857142858,1.341468
2026-08-12,I_015,1.0476,2,0,8,12,1.161,1.0314,1.2831942857142857,1.3260960000000002
2026-08-13,I_015,1.1102400000000001,3,0,8,13,1.0476,1.2128400000000001,1.2855085714285717,1.322568
2026-08-14,I_015,1.45908,4,0,8,14,1.1102400000000001,1.37484,1.2708514285714287,1.3250520000000001
2026-08-15,I_015,1.80468,5,1,8,15,1.45908,1.7982,1.2828857142857142,1.3323960000000001
2026-08-16,I_015,1.64808,6,1,8,16,1.80468,1.4277600000000001,1.2838114285714286,1.3565520000000002
2026-08-17,I_015,1.08756,0,0,8,17,1.64808,0.9763200000000001,1.3152857142857144,1.356156
2026-08-18,I_015,0.90828,1,0,8,18,1.08756,1.161,1.3311771428571428,1.336356
2026-08-19,I_015,1.05732,2,0,8,19,0.90828,1.0476,1.2950742857142856,1.309464
2026-08-20,I_015,1.21176,3,0,8,20,1.05732,1.1102400000000001,1.2964628571428574,1.310472
2026-08-21,I_015,1.45044,4,0,8,21,1.21176,1.45908,1.3109657142857143,1.315656
2026-06-23,I_016,0.22866,1,0,6,23,,,,
2026-06-24,I_016,0.18746000000000002,2,0,6,24,0.22866,,0.22866,0.22866
2026-06-25,I_016,0.24514000000000002,3,0,6,25,0.18746000000000002,,0.20806000000000002,0.20806000000000002
2026-06-26,I_016,0.26368,4,0,6,26,0.24514000000000002,,0.22042000000000003,0.22042000000000003
2026-06-27,I_016,0.34608000000000005,5,1,6,27,0.26368,,0.23123500000000002,0.23123500000000002
2026-06-28,I_016,0.31724,6,1,6,28,0.34608000000000005,,0.254204,0.254204
2026-06-29,I_016,0.19158000000000003,0,0,6,29,0.31724,,0.26471000000000006,0.26471000000000006
2026-06-30,I_016,0.18952000000000002,1,0,6,30,0.19158000000000003,0.22866,0.2542628571428572,0.2542628571428572
2026-07-01,I_016,0.21630000000000002,2,0,7,1,0.18952000000000002,0.18746000000000002,0.2486714285714286,0.24617000000000003
2026-07-02,I_016,0.21012000000000003,3,0,7,2,0.21630000000000002,0.24514000000000002,0.2527914285714286,0.24285111111111116
2026-07-03,I_016,0.28634000000000004,4,0,7,3,0.21012000000000003,0.26368,0.24778857142857147,0.239578
2026-07-04,I_016,0.36256,5,1,7,4,0.28634000000000004,0.34608000000000005,0.2510257142857143,0.24382909090909094
2026-07-05,I_016,0.2987000000000001,6,1,7,5,0.36256,0.31724,0.25338000000000005,0.25372333333333336
2026-07-06,I_016,0.20806000000000002,0,0,7,6,0.2987000000000001,0.19158000000000003,0.2507314285714286,0.25718307692307696
2026-07-07,I_016,0.17716,1,0,7,7,0.20806000000000002,0.18952000000000002,0.2530857142857143,0.25367428571428574
2026-07-08,I_016,0.20394,2,0,7,8,0.17716,0.21630000000000002,0.25132000000000004,0.24857333333333337
2026-07-09,I_016,0.23690000000000003,3,0,7,9,0.20394,0.21012000000000003,0.24955428571428576,0.24578375000000002
2026-07-10,I_016,0.30694000000000005,4,0,7,10,0.23690000000000003,0.28634000000000004,0.25338000000000005,0.2452611764705883
2026-07-11,I_016,0.38934,5,1,7,11,0.30694000000000005,0.36256,0.2563228571428572,0.2486877777777778
2026-07-12,I_016,0.30282000000000003,6,1,7,12,0.38934,0.2987000000000001,0.26014857142857145,0.2560905263157895
2026-07-13,I_016,0.22248,0,0,7,13,0.30282000000000003,0.20806000000000002,0.2607371428571429,0.258427
2026-07-14,I_016,0.19776000000000002,1,0,7,14,0.22248,0.17716,0.2627971428571429,0.2567152380952381
2026-07-15,I_016,0.21218,2,0,7,15,0.19776000000000002,0.20394,0.26574000000000003,0.25403545454545456
2026-07-16,I_016,0.22042,3,0,7,16,0.21218,0.23690000000000003,0.2669171428571429,0.25221565217391306
2026-07-17,I_016,0.25956,4,0,7,17,0.22042,0.30694000000000005,0.26456285714285716,0.25089083333333334
2026-07-18,I_016,0.28840000000000005,5,1,7,18,0.25956,0.38934,0.25779428571428575,0.2512376
2026-07-19,I_016,0.30282000000000003,6,1,7,19,0.28840000000000005,0.30282000000000003,0.24337428571428574,0.25266692307692307
2026-07-20,I_016,0.19776000000000002,0,0,7,20,0.30282000000000003,0.22248,0.24337428571428574,0.2545244444444445
2026-07-21,I_016,0.21218000000000004,1,0,7,21,0.19776000000000002,0.19776000000000002,0.23984285714285716,0.25249714285714286
2026-07-22,I_016,0.19570000000000004,2,0,7,22,0.21218000000000004,0.21218,0.24190285714285717,0.25110689655172413
2026-07-23,I_016,0.18128000000000002,3,0,7,23,0.19570000000000004,0.22042,0.23954857142857144,0.24926000000000004
2026-07-24,I_016,0.32342000000000004,4,0,7,24,0.18128000000000002,0.25956,0.2339571428571429,0.24768066666666672
2026-07-25,I_016,0.32342000000000004,5,1,7,25,0.32342000000000004,0.28840000000000005,0.24308000000000002,0.2522126666666667
2026-07-26,I_016,0.28222,6,1,7,26,0.32342000000000004,0.30282000000000003,0.2480828571428572,0.254822
2026-07-27,I_016,0.21424,0,0,7,27,0.28222,0.19776000000000002,0.24514,0.25544
2026-07-28,I_016,0.17098000000000002,1,0,7,28,0.21424,0.21218000000000004,0.24749428571428575,0.2510453333333334
2026-07-29,I_016,0.21218,2,0,7,29,0.17098000000000002,0.19570000000000004,0.24160857142857145,0.24617000000000006
2026-07-30,I_016,0.20600000000000002,3,0,7,30,0.21218,0.18128000000000002,0.24396285714285718,0.2468566666666667
2026-07-31,I_016,0.29252,4,0,7,31,0.20600000000000002,0.32342000000000004,0.24749428571428572,0.24740600000000004
2026-08-01,I_016,0.3296,5,1,8,1,0.29252,0.32342000000000004,0.24308000000000002,0.24994666666666668
2026-08-02,I_016,0.30488000000000004,6,1,8,2,0.3296,0.28222,0.24396285714285715,0.25392933333333334
2026-08-03,I_016,0.18334,0,0,8,3,0.30488000000000004,0.21424,0.24720000000000003,0.25454733333333335
2026-08-04,I_016,0.19776000000000002,1,0,8,4,0.18334,0.17098000000000002,0.2427857142857143,0.24857333333333334
2026-08-05,I_016,0.23072,2,0,8,5,0.19776000000000002,0.21218,0.24661142857142856,0.24520866666666669
2026-08-06,I_016,0.22866000000000003,3,0,8,6,0.23072,0.20600000000000002,0.24926,0.24596400000000002
2026-08-07,I_016,0.31518,4,0,8,7,0.22866000000000003,0.29252,0.25249714285714286,0.2476806666666667
2026-08-08,I_016,0.32548,5,1,8,8,0.31518,0.3296,0.25573428571428575,0.25138866666666665
2026-08-09,I_016,0.29458,6,1,8,9,0.32548,0.30488000000000004,0.2551457142857143,0.25434133333333336
2026-08-10,I_016,0.21836000000000003,0,0,8,10,0.29458,0.18334,0.25367428571428574,0.25392933333333334
2026-08-11,I_016,0.24308000000000002,1,0,8,11,0.21836000000000003,0.19776000000000002,0.2586771428571429,0.24823
2026-08-12,I_016,0.23278000000000001,2,0,8,12,0.24308000000000002,0.23072,0.2651514285714286,0.2462386666666667
2026-08-13,I_016,0.21836,3,0,8,13,0.23278000000000001,0.22866000000000003,0.26544571428571434,0.24658200000000002
2026-08-14,I_016,0.26368,4,0,8,14,0.21836,0.31518,0.2639742857142857,0.2472686666666667
2026-08-15,I_016,0.31724,5,1,8,15,0.26368,0.32548,0.2566171428571429,0.24898533333333334
2026-08-16,I_016,0.30488000000000004,6,1,8,16,0.31724,0.29458,0.25544,0.2522126666666667
2026-08-17,I_016,0.18128000000000002,0,0,8,17,0.30488000000000004,0.21836000000000003,0.25691142857142857,0.25372333333333336
2026-08-18,I_016,0.21218,1,0,8,18,0.18128000000000002,0.24308000000000002,0.25161428571428573,0.2501526666666667
2026-08-19,I_016,0.22042,2,0,8,19,0.21218,0.23278000000000001,0.2472,0.24713133333333334
2026-08-20,I_016,0.25132000000000004,3,0,8,20,0.22042,0.21836,0.24543428571428572,0.24788666666666667
2026-08-21,I_016,0.32136000000000003,4,0,8,21,0.25132000000000004,0.26368,0.25014285714285717,0.24919133333333338
2026-06-23,I_017,5.044700000000001,1,0,6,23,,,,
2026-06-24,I_017,4.6277,2,0,6,24,5.044700000000001,,5.044700000000001,5.044700000000001
2026-06-25,I_017,4.7675,3,0,6,25,4.6277,,4.8362,4.8362
2026-06-26,I_017,6.6836,4,0,6,26,4.7675,,4.813300000000001,4.813300000000001
2026-06-27,I_017,8.910499999999999,5,1,6,27,6.6836,,5.280875,5.280875
2026-06-28,I_017,6.4535,6,1,6,28,8.910499999999999,,6.0068,6.0068
2026-06-29,I_017,4.7475000000000005,0,0,6,29,6.4535,,6.08125,6.08125
2026-06-30,I_017,5.5653,1,0,6,30,4.7475000000000005,5.044700000000001,5.890714285714286,5.890714285714286
2026-07-01,I_017,4.7104,2,0,7,1,5.5653,4.6277,5.965085714285714,5.8500375
2026-07-02,I_017,5.7863,3,0,7,2,4.7104,4.7675,5.9769,5.723411111111111
2026-07-03,I_017,6.5291,4,0,7,3,5.7863,6.6836,6.122442857142857,5.729699999999999
2026-07-04,I_017,7.276300000000001,5,1,7,4,6.5291,8.910499999999999,6.100371428571428,5.802372727272727
2026-07-05,I_017,7.9249,6,1,7,5,7.276300000000001,6.4535,5.8669142857142855,5.9252
2026-07-06,I_017,4.0391,0,0,7,6,7.9249,4.7475000000000005,6.077114285714286,6.079023076923077
2026-07-07,I_017,5.8784,1,0,7,7,4.0391,5.5653,5.975914285714286,5.933314285714286
2026-07-08,I_017,4.643000000000001,2,0,7,8,5.8784,4.7104,6.020642857142858,5.929653333333333
2026-07-09,I_017,5.704200000000001,3,0,7,9,4.643000000000001,5.7863,6.011014285714286,5.8492375
2026-07-10,I_017,7.5738,4,0,7,10,5.704200000000001,6.5291,5.9992857142857146,5.840705882352942
2026-07-11,I_017,7.889,5,1,7,11,7.5738,7.276300000000001,6.148528571428572,5.936988888888889
2026-07-12,I_017,7.101800000000001,6,1,7,12,7.889,7.9249,6.236057142857144,6.039726315789474
2026-07-13,I_017,5.0459,0,0,7,13,7.101800000000001,4.0391,6.1184714285714294,6.09283
2026-07-14,I_017,5.0405999999999995,1,0,7,14,5.0459,5.8784,6.262300000000001,6.042976190476191
2026-07-15,I_017,5.1689,2,0,7,15,5.0405999999999995,4.643000000000001,6.142614285714286,5.997413636363637
2026-07-16,I_017,5.8698999999999995,3,0,7,16,5.1689,5.704200000000001,6.2177428571428575,5.961391304347826
2026-07-17,I_017,6.4267,4,0,7,17,5.8698999999999995,7.5738,6.241414285714286,5.957579166666666
2026-07-18,I_017,8.6006,5,1,7,18,6.4267,7.889,6.077542857142857,5.976344
2026-07-19,I_017,5.4638,6,1,7,19,8.6006,7.101800000000001,6.1792,6.077276923076923
2026-07-20,I_017,5.4105,0,0,7,20,5.4638,5.0459,5.9452,6.054555555555556
2026-07-21,I_017,6.878400000000001,1,0,7,21,5.4105,5.0405999999999995,5.997285714285714,6.031553571428572
2026-07-22,I_017,5.2769,2,0,7,22,6.878400000000001,5.1689,6.259828571428572,6.060755172413793
2026-07-23,I_017,5.3019,3,0,7,23,5.2769,5.8698999999999995,6.275257142857143,6.034626666666667
2026-07-24,I_017,7.044099999999999,4,0,7,24,5.3019,6.4267,6.194114285714286,6.0432
2026-07-25,I_017,8.4343,5,1,7,25,7.044099999999999,8.6006,6.282314285714286,6.1237466666666664
2026-07-26,I_017,8.3846,6,1,7,26,8.4343,5.4638,6.258557142857143,6.245973333333334
2026-07-27,I_017,5.0297,0,0,7,27,8.3846,5.4105,6.675814285714287,6.302673333333333
2026-07-28,I_017,4.4379,1,0,7,28,5.0297,6.878400000000001,6.621414285714286,6.1733133333333345
2026-07-29,I_017,5.405800000000001,2,0,7,29,4.4379,5.2769,6.272771428571429,6.1061266666666665
2026-07-30,I_017,5.8899,3,0,7,30,5.405800000000001,5.3019,6.291185714285715,6.12807
2026-07-31,I_017,7.1786,4,0,7,31,5.8899,7.044099999999999,6.375185714285714,6.138890000000001
2026-08-01,I_017,8.3802,5,1,8,1,7.1786,8.4343,6.394399999999999,6.221163333333334
2026-08-02,I_017,8.1518,6,1,8,2,8.3802,8.3846,6.386671428571428,6.307626666666667
2026-08-03,I_017,4.779,0,0,8,3,8.1518,5.0297,6.353414285714286,6.361716666666667
2026-08-04,I_017,4.9476,1,0,8,4,4.779,4.4379,6.3176,6.278473333333334
2026-08-05,I_017,4.4314,2,0,8,5,4.9476,5.405800000000001,6.390414285714286,6.1792300000000004
2026-08-06,I_017,4.1121,3,0,8,6,4.4314,5.8899,6.251214285714286,6.192306666666667
2026-08-07,I_017,7.3530999999999995,4,0,8,7,4.1121,7.1786,5.997242857142857,6.133430000000001
2026-08-08,I_017,6.5921,5,1,8,8,7.3530999999999995,8.3802,6.022171428571428,6.223766666666667
2026-08-09,I_017,7.8781,6,1,8,9,6.5921,8.1518,5.766728571428572,6.253363333333334
2026-08-10,I_017,6.5223,0,0,8,10,7.8781,4.779,5.72762857142857,6.263506666666667
2026-08-11,I_017,4.9314,1,0,8,11,6.5223,4.9476,5.976671428571429,6.217950000000001
2026-08-12,I_017,4.0806000000000004,2,0,8,12,4.9314,4.4314,5.974357142857143,6.145603333333333
2026-08-13,I_017,5.2728,3,0,8,13,4.0806000000000004,4.1121,5.924242857142857,6.113426666666667
2026-08-14,I_017,8.2604,4,0,8,14,5.2728,7.3530999999999995,6.090057142857143,6.121166666666666
2026-08-15,I_017,7.580900000000001,5,1,8,15,8.2604,6.5921,6.219671428571429,6.224216666666667
2026-08-16,I_017,8.462000000000002,6,1,8,16,7.580900000000001,7.8781,6.3609285714285715,6.28125
2026-08-17,I_017,5.5279,0,0,8,17,8.462000000000002,6.5223,6.444342857142858,6.349093333333333
2026-08-18,I_017,4.2095,1,0,8,18,5.5279,4.9314,6.302285714285715,6.24667
2026-08-19,I_017,4.8643,2,0,8,19,4.2095,4.0806000000000004,6.1991571428571435,6.204859999999999
2026-08-20,I_017,6.307499999999999,3,0,8,20,4.8643,5.2728,6.311114285714287,6.186653333333334
2026-08-21,I_017,6.9264,4,0,8,21,6.307499999999999,8.2604,6.458928571428571,6.167623333333334
2026-06-23,I_018,4.3142000000000005,1,0,6,23,,,,
2026-06-24,I_018,5.2841000000000005,2,0,6,24,4.3142000000000005,,4.3142000000000005,4.3142000000000005
2026-06-25,I_018,4.383100000000001,3,0,6,25,5.2841000000000005,,4.799150000000001,4.799150000000001
2026-06-26,I_018,6.1745,4,0,6,26,4.383100000000001,,4.660466666666667,4.660466666666667
2026-06-27,I_018,7.9924,5,1,6,27,6.1745,,5.038975000000001,5.038975000000001
2026-06-28,I_018,6.890000000000001,6,1,6,28,7.9924,,5.62966,5.62966
2026-06-29,I_018,4.950200000000001,0,0,6,29,6.890000000000001,,5.839716666666667,5.839716666666667
2026-06-30,I_018,6.275200000000001,1,0,6,30,4.950200000000001,4.3142000000000005,5.712642857142858,5.712642857142858
2026-07-01,I_018,5.8088,2,0,7,1,6.275200000000001,5.2841000000000005,5.992785714285715,5.7829625
2026-07-02,I_018,5.9572,3,0,7,2,5.8088,4.383100000000001,6.067742857142858,5.785833333333334
2026-07-03,I_018,7.049,4,0,7,3,5.9572,6.1745,6.292614285714286,5.80297
2026-07-04,I_018,7.2239,5,1,7,4,7.049,7.9924,6.417542857142857,5.916245454545455
2026-07-05,I_018,7.7327,6,1,7,5,7.2239,6.890000000000001,6.3077571428571435,6.025216666666666
2026-07-06,I_018,4.7064,0,0,7,6,7.7327,4.950200000000001,6.428142857142858,6.156561538461539
2026-07-07,I_018,5.241700000000001,1,0,7,7,4.7064,6.275200000000001,6.393314285714287,6.052978571428572
2026-07-08,I_018,6.6515,2,0,7,8,5.241700000000001,5.8088,6.245671428571429,5.998893333333333
2026-07-09,I_018,6.471300000000001,3,0,7,9,6.6515,5.9572,6.3660571428571435,6.03968125
2026-07-10,I_018,6.8847000000000005,4,0,7,10,6.471300000000001,7.049,6.439500000000001,6.065070588235294
2026-07-11,I_018,8.6708,5,1,7,11,6.8847000000000005,7.2239,6.416028571428572,6.110605555555556
2026-07-12,I_018,6.9854,6,1,7,12,8.6708,7.7327,6.6227285714285715,6.245352631578948
2026-07-13,I_018,4.441400000000001,0,0,7,13,6.9854,4.7064,6.5159714285714285,6.282355000000001
2026-07-14,I_018,6.4183,1,0,7,14,4.441400000000001,5.241700000000001,6.478114285714286,6.194690476190477
2026-07-15,I_018,3.6729000000000003,2,0,7,15,6.4183,6.6515,6.6462,6.204854545454546
2026-07-16,I_018,4.8283000000000005,3,0,7,16,3.6729000000000003,6.471300000000001,6.220685714285715,6.094769565217391
2026-07-17,I_018,7.292800000000001,4,0,7,17,4.8283000000000005,6.8847000000000005,5.985971428571429,6.042000000000001
2026-07-18,I_018,7.361700000000001,5,1,7,18,7.292800000000001,8.6708,6.044271428571428,6.092032000000001
2026-07-19,I_018,8.803300000000002,6,1,7,19,7.361700000000001,6.9854,5.857257142857143,6.140865384615386
2026-07-20,I_018,6.2911,0,0,7,20,8.803300000000002,4.441400000000001,6.116957142857144,6.239474074074074
2026-07-21,I_018,5.5915,1,0,7,21,6.2911,6.4183,6.381200000000001,6.241317857142858
2026-07-22,I_018,4.8018,2,0,7,22,5.5915,3.6729000000000003,6.263085714285715,6.218910344827587
2026-07-23,I_018,6.2010000000000005,3,0,7,23,4.8018,4.8283000000000005,6.424357142857143,6.171673333333334
2026-07-24,I_018,6.937700000000001,4,0,7,24,6.2010000000000005,7.292800000000001,6.620457142857143,6.234566666666667
2026-07-25,I_018,6.693900000000001,5,1,7,25,6.937700000000001,7.361700000000001,6.569728571428572,6.289686666666667
2026-07-26,I_018,8.172600000000001,6,1,7,26,6.693900000000001,8.803300000000002,6.474328571428572,6.366713333333334
2026-07-27,I_018,5.9201,0,0,7,27,8.172600000000001,6.2911,6.384228571428571,6.433316666666667
2026-07-28,I_018,6.1268,1,0,7,28,5.9201,5.5915,6.331228571428572,6.36424
2026-07-29,I_018,5.750500000000001,2,0,7,29,6.1268,4.8018,6.4077,6.338800000000001
2026-07-30,I_018,7.854600000000001,3,0,7,30,5.750500000000001,6.2010000000000005,6.543228571428572,6.365476666666667
2026-07-31,I_018,6.2964,4,0,7,31,7.854600000000001,6.937700000000001,6.779457142857143,6.418123333333335
2026-08-01,I_018,7.727400000000001,5,1,8,1,6.2964,6.693900000000001,6.687842857142859,6.434376666666667
2026-08-02,I_018,8.1037,6,1,8,2,7.727400000000001,8.172600000000001,6.835485714285715,6.493383333333335
2026-08-03,I_018,6.0261000000000005,0,0,8,3,8.1037,5.9201,6.825642857142858,6.528540000000001
2026-08-04,I_018,7.616100000000001,1,0,8,4,6.0261000000000005,6.1268,6.840785714285715,6.488613333333333
2026-08-05,I_018,6.7734000000000005,2,0,8,5,7.616100000000001,5.750500000000001,7.053542857142858,6.484726666666668
2026-08-06,I_018,3.5192000000000005,3,0,8,6,6.7734000000000005,7.854600000000001,7.199671428571429,6.553626666666667
2026-08-07,I_018,10.589400000000001,4,0,8,7,3.5192000000000005,6.2964,6.580328571428573,6.4962100000000005
2026-08-08,I_018,8.639000000000001,5,1,8,8,10.589400000000001,7.727400000000001,7.193614285714285,6.6274733333333335
2026-08-09,I_018,7.584300000000001,6,1,8,9,8.639000000000001,8.1037,7.323842857142858,6.699730000000001
2026-08-10,I_018,4.7647,0,0,8,10,7.584300000000001,6.0261000000000005,7.249642857142858,6.723050000000001
2026-08-11,I_018,5.543800000000001,1,0,8,11,4.7647,7.616100000000001,7.0694428571428585,6.592846666666668
2026-08-12,I_018,5.9572,2,0,8,12,5.543800000000001,6.7734000000000005,6.7734000000000005,6.544793333333335
2026-08-13,I_018,4.1446000000000005,3,0,8,13,5.9572,3.5192000000000005,6.6568,6.595320000000001
2026-08-14,I_018,6.9854,4,0,8,14,4.1446000000000005,10.589400000000001,6.746142857142858,6.519530000000001
2026-08-15,I_018,6.8264000000000005,5,1,8,15,6.9854,8.639000000000001,6.231285714285714,6.629946666666668
2026-08-16,I_018,7.7698,6,1,8,16,6.8264000000000005,7.584300000000001,5.972342857142857,6.696550000000001
2026-08-17,I_018,4.732900000000001,0,0,8,17,7.7698,4.7647,5.998842857142857,6.7124500000000005
2026-08-18,I_018,6.381200000000001,1,0,8,18,4.732900000000001,5.543800000000001,5.994300000000001,6.6248233333333335
2026-08-19,I_018,4.9184,2,0,8,19,6.381200000000001,5.9572,6.1139285714285725,6.544086666666668
2026-08-20,I_018,6.1957,3,0,8,20,4.9184,4.1446000000000005,5.965528571428572,6.498330000000001
2026-08-21,I_018,6.6462,4,0,8,21,6.1957,6.9854,6.258542857142857,6.51847
2026-06-23,I_019,7.27545,1,0,6,23,,,,
2026-06-24,I_019,7.581,2,0,6,24,7.27545,,7.27545,7.27545
2026-06-25,I_019,8.80425,3,0,6,25,7.581,,7.428225,7.428225
2026-06-26,I_019,9.75975,4,0,6,26,8.80425,,7.8869,7.8869
2026-06-27,I_019,12.6483,5,1,6,27,9.75975,,8.3551125,8.3551125
2026-06-28,I_019,11.098500000000001,6,1,6,28,12.6483,,9.213750000000001,9.213750000000001
2026-06-29,I_019,7.6030500000000005,0,0,6,29,11.098500000000001,,9.527875,9.527875
2026-06-30,I_019,7.7259,1,0,6,30,7.6030500000000005,7.27545,9.2529,9.2529
2026-07-01,I_019,7.5012,2,0,7,1,7.7259,7.581,9.317250000000001,9.062025
2026-07-02,I_019,8.382150000000001,3,0,7,2,7.5012,8.80425,9.305850000000001,8.8886
2026-07-03,I_019,10.114650000000001,4,0,7,3,8.382150000000001,9.75975,9.24555,8.837955000000001
2026-07-04,I_019,12.6567,5,1,7,4,10.114650000000001,12.6483,9.29625,8.954018181818183
2026-07-05,I_019,11.32215,6,1,7,5,12.6567,11.098500000000001,9.297450000000001,9.262575
2026-07-06,I_019,7.4949,0,0,7,6,11.32215,7.6030500000000005,9.329400000000001,9.421003846153846
2026-07-07,I_019,7.13265,1,0,7,7,7.4949,7.7259,9.31395,9.283425
2026-07-08,I_019,7.056,2,0,7,8,7.13265,7.5012,9.229200000000002,9.14004
2026-07-09,I_019,7.8666,3,0,7,9,7.056,8.382150000000001,9.1656,9.0097875
2026-07-10,I_019,10.40235,4,0,7,10,7.8666,10.114650000000001,9.09195,8.942541176470588
2026-07-11,I_019,12.400500000000001,5,1,7,11,10.40235,12.6567,9.13305,9.023641666666668
2026-07-12,I_019,10.99035,6,1,7,12,12.400500000000001,11.32215,9.09645,9.201371052631579
2026-07-13,I_019,7.882350000000001,0,0,7,13,10.99035,7.4949,9.04905,9.29082
2026-07-14,I_019,7.854,1,0,7,14,7.882350000000001,7.13265,9.1044,9.22375
2026-07-15,I_019,8.0535,2,0,7,15,7.854,7.056,9.20745,9.161488636363636
2026-07-16,I_019,7.997850000000001,3,0,7,16,8.0535,7.8666,9.349950000000002,9.113315217391305
2026-07-17,I_019,10.4748,4,0,7,17,7.997850000000001,10.40235,9.3687,9.0668375
2026-07-18,I_019,11.25915,5,1,7,18,10.4748,12.400500000000001,9.379050000000001,9.123156
2026-07-19,I_019,11.0187,6,1,7,19,11.25915,10.99035,9.216,9.205309615384616
2026-07-20,I_019,7.2471000000000005,0,0,7,20,11.0187,7.882350000000001,9.22005,9.272472222222222
2026-07-21,I_019,7.287,1,0,7,21,7.2471000000000005,7.854,9.1293,9.2001375
2026-07-22,I_019,8.03565,2,0,7,22,7.287,8.0535,9.048300000000001,9.134167241379311
2026-07-23,I_019,7.8792,3,0,7,23,8.03565,7.997850000000001,9.04575,9.097550000000002
2026-07-24,I_019,9.994950000000001,4,0,7,24,7.8792,10.4748,9.0288,9.117675
2026-07-25,I_019,12.80895,5,1,7,25,9.994950000000001,11.25915,8.96025,9.19814
2026-07-26,I_019,11.6865,6,1,7,26,12.80895,11.0187,9.181650000000001,9.331629999999999
2026-07-27,I_019,7.35105,0,0,7,27,11.6865,7.2471000000000005,9.277050000000001,9.395855000000001
2026-07-28,I_019,7.014,1,0,7,28,7.35105,7.287,9.2919,9.21928
2026-07-29,I_019,8.52495,2,0,7,29,7.014,8.03565,9.2529,9.08313
2026-07-30,I_019,8.0409,3,0,7,30,8.52495,7.8792,9.3228,9.113859999999999
2026-07-31,I_019,10.79925,4,0,7,31,8.0409,9.994950000000001,9.3459,9.124360000000001
2026-08-01,I_019,11.8797,5,1,8,1,10.79925,12.80895,9.4608,9.234295
2026-08-02,I_019,11.457600000000001,6,1,8,2,11.8797,11.6865,9.328050000000001,9.35088
2026-08-03,I_019,7.822500000000001,0,0,8,3,11.457600000000001,7.35105,9.295350000000001,9.395645
2026-08-04,I_019,7.2576,1,0,8,4,7.822500000000001,7.014,9.3627,9.234505000000002
2026-08-05,I_019,7.14105,2,0,8,5,7.2576,8.52495,9.397499999999999,9.09902
2026-08-06,I_019,7.6272,3,0,8,6,7.14105,8.0409,9.1998,9.087224999999998
2026-08-07,I_019,9.5046,4,0,8,7,7.6272,10.79925,9.1407,9.103710000000001
2026-08-08,I_019,11.83665,5,1,8,8,9.5046,11.8797,8.95575,9.185329999999999
2026-08-09,I_019,10.5756,6,1,8,9,11.83665,11.457600000000001,8.9496,9.317665
2026-08-10,I_019,7.187250000000001,0,0,8,10,10.5756,7.822500000000001,8.8236,9.323440000000002
2026-08-11,I_019,8.11125,1,0,8,11,7.187250000000001,7.2576,8.732850000000001,9.149665
2026-08-12,I_019,7.96215,2,0,8,12,8.11125,7.14105,8.8548,9.053695000000001
2026-08-13,I_019,7.88025,3,0,8,13,7.96215,7.6272,8.9721,9.056355
2026-08-14,I_019,10.423350000000001,4,0,8,14,7.88025,9.5046,9.00825,9.05723
2026-08-15,I_019,12.199950000000001,5,1,8,15,10.423350000000001,11.83665,9.1395,9.136225000000001
2026-08-16,I_019,11.10375,6,1,8,16,12.199950000000001,10.5756,9.1914,9.276295000000001
2026-08-17,I_019,7.3143,0,0,8,17,11.10375,7.187250000000001,9.266850000000002,9.29726
2026-08-18,I_019,6.8208,1,0,8,18,7.3143,8.11125,9.285,9.165765
2026-08-19,I_019,7.98,2,0,8,19,6.8208,7.96215,9.10065,9.025834999999999
2026-08-20,I_019,8.3748,3,0,8,20,7.98,7.88025,9.103200000000001,9.050265
2026-08-21,I_019,10.3152,4,0,8,21,8.3748,10.423350000000001,9.17385,9.086525
2026-06-23,I_020,11.971800000000002,1,0,6,23,,,,
2026-06-24,I_020,12.371400000000001,2,0,6,24,11.971800000000002,,11.971800000000002,11.971800000000002
2026-06-25,I_020,14.628600000000002,3,0,6,25,12.371400000000001,,12.171600000000002,12.171600000000002
2026-06-26,I_020,15.784200000000002,4,0,6,26,14.628600000000002,,12.9906,12.9906
2026-06-27,I_020,21.443400000000004,5,1,6,27,15.784200000000002,,13.689000000000002,13.689000000000002
2026-06-28,I_020,17.8578,6,1,6,28,21.443400000000004,,15.239880000000003,15.239880000000003
2026-06-29,I_020,11.545200000000001,0,0,6,29,17.8578,,15.676200000000001,15.676200000000001
2026-06-30,I_020,12.182400000000001,1,0,6,30,11.545200000000001,11.971800000000002,15.086057142857145,15.086057142857145
2026-07-01,I_020,12.241800000000001,2,0,7,1,12.182400000000001,12.371400000000001,15.11614285714286,14.723100000000002
2026-07-02,I_020,13.9266,3,0,7,2,12.241800000000001,14.628600000000002,15.097628571428574,14.447400000000004
2026-07-03,I_020,17.177400000000002,4,0,7,3,13.9266,15.784200000000002,14.997342857142858,14.395320000000002
2026-07-04,I_020,21.286800000000003,5,1,7,4,17.177400000000002,21.443400000000004,15.19637142857143,14.648236363636364
2026-07-05,I_020,18.300600000000003,6,1,7,5,21.286800000000003,17.8578,15.174000000000003,15.201450000000001
2026-07-06,I_020,11.7774,0,0,7,6,18.300600000000003,11.545200000000001,15.237257142857146,15.439846153846155
2026-07-07,I_020,10.8324,1,0,7,7,11.7774,12.182400000000001,15.270428571428571,15.178242857142859
2026-07-08,I_020,11.480400000000001,2,0,7,8,10.8324,12.241800000000001,15.07757142857143,14.888520000000002
2026-07-09,I_020,12.987,3,0,7,9,11.480400000000001,13.9266,14.968800000000002,14.675512500000002
2026-07-10,I_020,17.226000000000003,4,0,7,10,12.987,17.177400000000002,14.834571428571431,14.576188235294119
2026-07-11,I_020,21.675600000000003,5,1,7,11,17.226000000000003,21.286800000000003,14.841514285714286,14.723400000000002
2026-07-12,I_020,18.052200000000003,6,1,7,12,21.675600000000003,18.300600000000003,14.897057142857145,15.089305263157897
2026-07-13,I_020,12.8736,0,0,7,13,18.052200000000003,11.7774,14.861571428571432,15.23745
2026-07-14,I_020,11.9448,1,0,7,14,12.8736,10.8324,15.01817142857143,15.124885714285716
2026-07-15,I_020,12.852,2,0,7,15,11.9448,11.480400000000001,15.177085714285715,14.980336363636365
2026-07-16,I_020,12.9654,3,0,7,16,12.852,12.987,15.373028571428573,14.887800000000002
2026-07-17,I_020,16.9452,4,0,7,17,12.9654,17.226000000000003,15.36994285714286,14.807700000000002
2026-07-18,I_020,18.333000000000002,5,1,7,18,16.9452,21.675600000000003,15.329828571428575,14.893200000000002
2026-07-19,I_020,19.0728,6,1,7,19,18.333000000000002,18.052200000000003,14.852314285714288,15.025500000000001
2026-07-20,I_020,11.842200000000002,0,0,7,20,19.0728,12.8736,14.998114285714285,15.175400000000002
2026-07-21,I_020,11.8152,1,0,7,21,11.842200000000002,11.9448,14.850771428571429,15.056357142857143
2026-07-22,I_020,12.052800000000001,2,0,7,22,11.8152,12.852,14.832257142857143,14.944593103448277
2026-07-23,I_020,11.88,3,0,7,23,12.052800000000001,12.9654,14.718085714285715,14.8482
2026-07-24,I_020,17.344800000000003,4,0,7,24,11.88,16.9452,14.563028571428571,14.845139999999999
2026-07-25,I_020,20.849400000000003,5,1,7,25,17.344800000000003,18.333000000000002,14.620114285714289,15.01092
2026-07-26,I_020,18.7866,6,1,7,26,20.849400000000003,19.0728,14.979600000000001,15.21828
2026-07-27,I_020,12.425400000000002,0,0,7,27,18.7866,11.842200000000002,14.938714285714285,15.318360000000002
2026-07-28,I_020,11.215800000000002,1,0,7,28,12.425400000000002,11.8152,15.022028571428574,15.01776
2026-07-29,I_020,13.791600000000003,2,0,7,29,11.215800000000002,12.052800000000001,14.936400000000003,14.79636
2026-07-30,I_020,12.663000000000002,3,0,7,30,13.791600000000003,11.88,15.184800000000001,14.871240000000002
2026-07-31,I_020,16.869600000000002,4,0,7,31,12.663000000000002,17.344800000000003,15.296657142857145,14.887260000000001
2026-08-01,I_020,19.4508,5,1,8,1,16.869600000000002,20.849400000000003,15.22877142857143,15.04152
2026-08-02,I_020,18.927000000000003,6,1,8,2,19.4508,18.7866,15.02897142857143,15.225660000000001
2026-08-03,I_020,11.9664,0,0,8,3,18.927000000000003,12.425400000000002,15.049028571428574,15.283980000000001
2026-08-04,I_020,11.934000000000001,1,0,8,4,11.9664,11.215800000000002,14.983457142857144,14.9733
2026-08-05,I_020,11.5668,2,0,8,5,11.934000000000001,13.791600000000003,15.086057142857145,14.761080000000002
2026-08-06,I_020,13.608,3,0,8,6,11.5668,12.663000000000002,14.76822857142857,14.754060000000003
2026-08-07,I_020,16.2054,4,0,8,7,13.608,16.869600000000002,14.903228571428572,14.846580000000001
2026-08-08,I_020,18.9918,5,1,8,8,16.2054,19.4508,14.808342857142858,15.004080000000004
2026-08-09,I_020,16.8642,6,1,8,9,18.9918,18.927000000000003,14.74277142857143,15.20424
2026-08-10,I_020,11.734200000000001,0,0,8,10,16.8642,11.9664,14.448085714285714,15.192180000000002
2026-08-11,I_020,13.829400000000001,1,0,8,11,11.734200000000001,11.934000000000001,14.414914285714287,14.860800000000001
2026-08-12,I_020,13.095,2,0,8,12,13.829400000000001,11.5668,14.685685714285716,14.720040000000003
2026-08-13,I_020,13.0464,3,0,8,13,13.095,13.608,14.904,14.72742
2026-08-14,I_020,16.3728,4,0,8,14,13.0464,16.2054,14.82377142857143,14.764140000000001
2026-08-15,I_020,19.726200000000002,5,1,8,15,16.3728,18.9918,14.847685714285717,14.881499999999999
2026-08-16,I_020,18.4248,6,1,8,16,19.726200000000002,16.8642,14.9526,15.106860000000001
2026-08-17,I_020,12.252600000000001,0,0,8,17,18.4248,11.734200000000001,15.175542857142858,15.15618
2026-08-18,I_020,11.340000000000002,1,0,8,18,12.252600000000001,13.829400000000001,15.249600000000001,14.953500000000002
2026-08-19,I_020,12.8628,2,0,8,19,11.340000000000002,13.095,14.89397142857143,14.69574
2026-08-20,I_020,14.013000000000002,3,0,8,20,12.8628,13.0464,14.8608,14.72976
2026-08-21,I_020,17.2584,4,0,8,21,14.013000000000002,16.3728,14.998885714285716,14.803020000000002
2026-06-23,I_021,2.6136,1,0,6,23,,,,
2026-06-24,I_021,2.3436000000000003,2,0,6,24,2.6136,,2.6136,2.6136
2026-06-25,I_021,2.9052,3,0,6,25,2.3436000000000003,,2.4786,2.4786
2026-06-26,I_021,3.8016,4,0,6,26,2.9052,,2.6208,2.6208
2026-06-27,I_021,3.9528000000000003,5,1,6,27,3.8016,,2.916,2.916
2026-06-28,I_021,2.5812,6,1,6,28,3.9528000000000003,,3.1233600000000004,3.1233600000000004
2026-06-29,I_021,2.2248,0,0,6,29,2.5812,,3.033,3.033
2026-06-30,I_021,3.4344,1,0,6,30,2.2248,2.6136,2.9175428571428577,2.9175428571428577
2026-07-01,I_021,2.9592,2,0,7,1,3.4344,2.3436000000000003,3.0348,2.98215
2026-07-02,I_021,3.7476000000000003,3,0,7,2,2.9592,2.9052,3.1227428571428573,2.9796
2026-07-03,I_021,3.4884,4,0,7,3,3.7476000000000003,3.8016,3.2430857142857143,3.0564
2026-07-04,I_021,4.5576,5,1,7,4,3.4884,3.9528000000000003,3.1983428571428574,3.0956727272727274
2026-07-05,I_021,4.536,6,1,7,5,4.5576,2.5812,3.284742857142857,3.2175
2026-07-06,I_021,2.3112000000000004,0,0,7,6,4.536,2.2248,3.564,3.318923076923077
2026-07-07,I_021,3.7044,1,0,7,7,2.3112000000000004,3.4344,3.576342857142857,3.2469428571428574
2026-07-08,I_021,4.1256,2,0,7,8,3.7044,2.9592,3.6149142857142857,3.27744
2026-07-09,I_021,2.9268,3,0,7,9,4.1256,3.7476000000000003,3.781542857142857,3.33045
2026-07-10,I_021,4.698,4,0,7,10,2.9268,3.4884,3.6642857142857146,3.306705882352941
2026-07-11,I_021,3.8664,5,1,7,11,4.698,4.5576,3.837085714285714,3.3840000000000003
2026-07-12,I_021,4.4928,6,1,7,12,3.8664,4.536,3.738342857142857,3.409389473684211
2026-07-13,I_021,3.0672,0,0,7,13,4.4928,2.3112000000000004,3.7321714285714287,3.46356
2026-07-14,I_021,1.6524,1,0,7,14,3.0672,3.7044,3.8401714285714292,3.444685714285715
2026-07-15,I_021,2.5164,2,0,7,15,1.6524,4.1256,3.547028571428572,3.363218181818182
2026-07-16,I_021,3.402,3,0,7,16,2.5164,2.9268,3.317142857142857,3.3264
2026-07-17,I_021,3.4236000000000004,4,0,7,17,3.402,4.698,3.3850285714285713,3.32955
2026-07-18,I_021,4.2768,5,1,7,18,3.4236000000000004,3.8664,3.2029714285714284,3.3333120000000003
2026-07-19,I_021,4.4064000000000005,6,1,7,19,4.2768,4.4928,3.2616000000000005,3.3696
2026-07-20,I_021,3.3696,0,0,7,20,4.4064000000000005,3.0672,3.2492571428571426,3.4080000000000004
2026-07-21,I_021,2.4624,1,0,7,21,3.3696,1.6524,3.2924571428571427,3.406628571428571
2026-07-22,I_021,1.9008,2,0,7,22,2.4624,2.5164,3.4081714285714284,3.3740689655172416
2026-07-23,I_021,2.0952,3,0,7,23,1.9008,3.402,3.3202285714285718,3.32496
2026-07-24,I_021,4.4388000000000005,4,0,7,24,2.0952,3.4236000000000004,3.1335428571428574,3.30768
2026-07-25,I_021,4.4496,5,1,7,25,4.4388000000000005,4.2768,3.278571428571429,3.37752
2026-07-26,I_021,4.1579999999999995,6,1,7,26,4.4496,4.4064000000000005,3.3032571428571424,3.4290000000000003
2026-07-27,I_021,2.8836,0,0,7,27,4.1579999999999995,3.3696,3.2677714285714288,3.44088
2026-07-28,I_021,2.2140000000000004,1,0,7,28,2.8836,2.4624,3.1983428571428574,3.40524
2026-07-29,I_021,2.754,2,0,7,29,2.2140000000000004,1.9008,3.162857142857143,3.393
2026-07-30,I_021,2.3760000000000003,3,0,7,30,2.754,2.0952,3.284742857142857,3.4106400000000003
2026-07-31,I_021,3.8448,4,0,7,31,2.3760000000000003,4.4388000000000005,3.324857142857143,3.37536
2026-08-01,I_021,4.3740000000000006,5,1,8,1,3.8448,4.4496,3.2400000000000007,3.40488
2026-08-02,I_021,5.1408000000000005,6,1,8,2,4.3740000000000006,4.1579999999999995,3.2292,3.42576
2026-08-03,I_021,1.6848,0,0,8,3,5.1408000000000005,2.8836,3.3696000000000006,3.48084
2026-08-04,I_021,2.4516,1,0,8,4,1.6848,2.2140000000000004,3.1983428571428574,3.3850800000000003
2026-08-05,I_021,2.7540000000000004,2,0,8,5,2.4516,2.754,3.2322857142857147,3.3156000000000003
2026-08-06,I_021,3.348,3,0,8,6,2.7540000000000004,2.3760000000000003,3.2322857142857147,3.33036
2026-08-07,I_021,3.1428000000000003,4,0,8,7,3.348,3.8448,3.371142857142857,3.31848
2026-08-08,I_021,3.8232,5,1,8,8,3.1428000000000003,4.3740000000000006,3.270857142857143,3.28572
2026-08-09,I_021,3.0564,6,1,8,9,3.8232,5.1408000000000005,3.1921714285714287,3.3156000000000003
2026-08-10,I_021,2.1276,0,0,8,10,3.0564,1.6848,2.8944,3.2608800000000002
2026-08-11,I_021,2.6892,1,0,8,11,2.1276,2.4516,2.957657142857143,3.2029199999999998
2026-08-12,I_021,1.8684000000000003,2,0,8,12,2.6892,2.7540000000000004,2.9916000000000005,3.1428
2026-08-13,I_021,2.8296,3,0,8,13,1.8684000000000003,3.348,2.8650857142857147,3.10284
2026-08-14,I_021,4.3848,4,0,8,14,2.8296,3.1428000000000003,2.791028571428572,3.14208
2026-08-15,I_021,5.1408000000000005,5,1,8,15,4.3848,3.8232,2.9684571428571433,3.2043600000000003
2026-08-16,I_021,4.428,6,1,8,16,5.1408000000000005,3.0564,3.1566857142857145,3.2623200000000003
2026-08-17,I_021,3.024,0,0,8,17,4.428,2.1276,3.3526285714285717,3.2958
2026-08-18,I_021,1.5552000000000001,1,0,8,18,3.024,2.6892,3.480685714285715,3.2540400000000003
2026-08-19,I_021,2.2464,2,0,8,19,1.5552000000000001,1.8684000000000003,3.3186857142857145,3.159
2026-08-20,I_021,2.5704000000000002,3,0,8,20,2.2464,2.8296,3.3726857142857143,3.1215600000000006
2026-08-21,I_021,3.7800000000000002,4,0,8,21,2.5704000000000002,4.3848,3.3356571428571433,3.12516
2026-06-23,I_022,0.9867400000000001,1,0,6,23,,,,
2026-06-24,I_022,1.03618,2,0,6,24,0.9867400000000001,,0.9867400000000001,0.9867400000000001
2026-06-25,I_022,1.15772,3,0,6,25,1.03618,,1.01146,1.01146
2026-06-26,I_022,1.3328200000000001,4,0,6,26,1.15772,,1.0602133333333335,1.0602133333333335
2026-06-27,I_022,1.82619,5,1,6,27,1.3328200000000001,,1.128365,1.128365
2026-06-28,I_022,1.4687800000000002,6,1,6,28,1.82619,,1.2679300000000002,1.2679300000000002
2026-06-29,I_022,0.9661400000000001,0,0,6,29,1.4687800000000002,,1.3014050000000001,1.3014050000000001
2026-06-30,I_022,1.1268200000000002,1,0,6,30,0.9661400000000001,0.9867400000000001,1.2535100000000001,1.2535100000000001
2026-07-01,I_022,1.08356,2,0,7,1,1.1268200000000002,1.03618,1.273521428571429,1.2376737500000001
2026-07-02,I_022,1.29471,3,0,7,2,1.08356,1.15772,1.2802900000000002,1.2205500000000002
2026-07-03,I_022,1.5295500000000002,4,0,7,3,1.29471,1.3328200000000001,1.2998600000000002,1.2279660000000001
2026-07-04,I_022,1.7623300000000002,5,1,7,4,1.5295500000000002,1.82619,1.327964285714286,1.2553827272727274
2026-07-05,I_022,1.59341,6,1,7,5,1.7623300000000002,1.4687800000000002,1.3188414285714285,1.2976283333333336
2026-07-06,I_022,1.04751,0,0,7,6,1.59341,0.9661400000000001,1.3366457142857144,1.3203807692307694
2026-07-07,I_022,0.9960100000000001,1,0,7,7,1.04751,1.1268200000000002,1.34827,1.30089
2026-07-08,I_022,1.11446,2,0,7,8,0.9960100000000001,1.08356,1.3295828571428572,1.2805646666666668
2026-07-09,I_022,1.07841,3,0,7,9,1.11446,1.29471,1.333997142857143,1.2701831250000002
2026-07-10,I_022,1.35239,4,0,7,10,1.07841,1.5295500000000002,1.303097142857143,1.2589023529411765
2026-07-11,I_022,1.91168,5,1,7,11,1.35239,1.7623300000000002,1.2777885714285715,1.264096111111111
2026-07-12,I_022,1.55221,6,1,7,12,1.91168,1.59341,1.2991242857142857,1.2981794736842105
2026-07-13,I_022,1.07738,0,0,7,13,1.55221,1.04751,1.2932385714285715,1.310881
2026-07-14,I_022,1.05472,1,0,7,14,1.07738,0.9960100000000001,1.2975057142857143,1.299761904761905
2026-07-15,I_022,1.1608100000000001,2,0,7,15,1.05472,1.11446,1.305892857142857,1.2886236363636365
2026-07-16,I_022,1.03824,3,0,7,16,1.1608100000000001,1.07841,1.3125142857142857,1.2830665217391306
2026-07-17,I_022,1.5079200000000001,4,0,7,17,1.03824,1.35239,1.3067757142857144,1.2728654166666666
2026-07-18,I_022,1.5872300000000001,5,1,7,18,1.5079200000000001,1.91168,1.3289942857142858,1.2822676000000002
2026-07-19,I_022,1.5769300000000002,6,1,7,19,1.5872300000000001,1.55221,1.2826442857142857,1.293996923076923
2026-07-20,I_022,0.9496600000000001,0,0,7,20,1.5769300000000002,1.07738,1.2861757142857146,1.3044759259259262
2026-07-21,I_022,1.03515,1,0,7,21,0.9496600000000001,1.05472,1.2679300000000002,1.2918039285714287
2026-07-22,I_022,1.00116,2,0,7,22,1.03515,1.1608100000000001,1.2651342857142858,1.2829537931034483
2026-07-23,I_022,1.1453600000000002,3,0,7,23,1.00116,1.03824,1.242327142857143,1.2735606666666668
2026-07-24,I_022,1.47496,4,0,7,24,1.1453600000000002,1.5079200000000001,1.2576300000000002,1.2788480000000002
2026-07-25,I_022,1.86945,5,1,7,25,1.47496,1.5872300000000001,1.252921428571429,1.293474
2026-07-26,I_022,1.60165,6,1,7,26,1.86945,1.5769300000000002,1.2932385714285715,1.3171983333333335
2026-07-27,I_022,1.1082800000000002,0,0,7,27,1.60165,0.9496600000000001,1.2967700000000002,1.3261593333333332
2026-07-28,I_022,0.92288,1,0,7,28,1.1082800000000002,1.03515,1.31943,1.302229
2026-07-29,I_022,1.17523,2,0,7,29,0.92288,1.00116,1.3033914285714288,1.2840323333333332
2026-07-30,I_022,1.11137,3,0,7,30,1.17523,1.1453600000000002,1.3282585714285717,1.2910020000000002
2026-07-31,I_022,1.51204,4,0,7,31,1.11137,1.47496,1.3234028571428573,1.2904870000000002
2026-08-01,I_022,1.6428500000000001,5,1,8,1,1.51204,1.86945,1.3287,1.3047696666666668
2026-08-02,I_022,1.69229,6,1,8,2,1.6428500000000001,1.60165,1.2963285714285715,1.3163743333333333
2026-08-03,I_022,0.9403900000000001,0,0,8,3,1.69229,1.1082800000000002,1.309277142857143,1.321799
2026-08-04,I_022,1.0207300000000001,1,0,8,4,0.9403900000000001,0.92288,1.285292857142857,1.2944010000000001
2026-08-05,I_022,1.09077,2,0,8,5,1.0207300000000001,1.17523,1.2992714285714286,1.2753116666666666
2026-08-06,I_022,1.08253,3,0,8,6,1.09077,1.11137,1.2872057142857145,1.2767536666666668
2026-08-07,I_022,1.3142800000000001,4,0,8,7,1.08253,1.51204,1.2830857142857146,1.279637666666667
2026-08-08,I_022,1.7304000000000002,5,1,8,8,1.3142800000000001,1.6428500000000001,1.254834285714286,1.2862983333333335
2026-08-09,I_022,1.43067,6,1,8,9,1.7304000000000002,1.69229,1.2673414285714288,1.3080313333333335
2026-08-10,I_022,0.9805600000000001,0,0,8,10,1.43067,0.9403900000000001,1.229967142857143,1.3106406666666668
2026-08-11,I_022,1.13815,1,0,8,11,0.9805600000000001,1.0207300000000001,1.2357057142857144,1.2796033333333334
2026-08-12,I_022,1.0948900000000001,2,0,8,12,1.13815,1.09077,1.25248,1.2658013333333333
2026-08-13,I_022,1.1082800000000002,3,0,8,13,1.0948900000000001,1.08253,1.2530685714285714,1.266385
2026-08-14,I_022,1.4008,4,0,8,14,1.1082800000000002,1.3142800000000001,1.256747142857143,1.2681703333333334
2026-08-15,I_022,1.68714,5,1,8,15,1.4008,1.7304000000000002,1.269107142857143,1.27617
2026-08-16,I_022,1.5130700000000001,6,1,8,16,1.68714,1.43067,1.262927142857143,1.2977999999999998
2026-08-17,I_022,1.0979800000000002,0,0,8,17,1.5130700000000001,0.9805600000000001,1.2746985714285715,1.2979716666666665
2026-08-18,I_022,0.95275,1,0,8,18,1.0979800000000002,1.13815,1.2914728571428573,1.2816633333333336
2026-08-19,I_022,1.09077,2,0,8,19,0.95275,1.0948900000000001,1.264987142857143,1.2608573333333335
2026-08-20,I_022,1.20201,3,0,8,20,1.09077,1.1082800000000002,1.2643985714285717,1.2655610000000002
2026-08-21,I_022,1.43582,4,0,8,21,1.20201,1.4008,1.2777885714285715,1.271123
2026-06-23,I_023,0.013831999999999999,1,0,6,23,,,,
2026-06-24,I_023,0.01508,2,0,6,24,0.013831999999999999,,0.013831999999999999,0.013831999999999999
2026-06-25,I_023,0.019032,3,0,6,25,0.01508,,0.014456,0.014456
2026-06-26,I_023,0.019032,4,0,6,26,0.019032,,0.015981333333333334,0.015981333333333334
2026-06-27,I_023,0.027767999999999998,5,1,6,27,0.019032,,0.016744000000000002,0.016744000000000002
2026-06-28,I_023,0.019864,6,1,6,28,0.027767999999999998,,0.0189488,0.0189488
2026-06-29,I_023,0.013416,0,0,6,29,0.019864,,0.019101333333333335,0.019101333333333335
2026-06-30,I_023,0.016952000000000002,1,0,6,30,0.013416,0.013831999999999999,0.018289142857142858,0.018289142857142858
2026-07-01,I_023,0.015496,2,0,7,1,0.016952000000000002,0.01508,0.018734857142857143,0.018122
2026-07-02,I_023,0.019656,3,0,7,2,0.015496,0.019032,0.018794285714285715,0.017830222222222223
2026-07-03,I_023,0.019136,4,0,7,3,0.019656,0.019032,0.018883428571428572,0.018012800000000002
2026-07-04,I_023,0.025064,5,1,7,4,0.019136,0.027767999999999998,0.018898285714285718,0.01811490909090909
2026-07-05,I_023,0.022775999999999998,6,1,7,5,0.025064,0.019864,0.018512,0.018694
2026-07-06,I_023,0.013832,0,0,7,6,0.022775999999999998,0.013416,0.018928,0.019008
2026-07-07,I_023,0.014664,1,0,7,7,0.013832,0.016952000000000002,0.018987428571428572,0.018638285714285715
2026-07-08,I_023,0.014144,2,0,7,8,0.014664,0.015496,0.018660571428571433,0.018373333333333335
2026-07-09,I_023,0.015912,3,0,7,9,0.014144,0.019656,0.018467428571428572,0.018109
2026-07-10,I_023,0.017888,4,0,7,10,0.015912,0.019136,0.01793257142857143,0.01797976470588235
2026-07-11,I_023,0.028496,5,1,7,11,0.017888,0.025064,0.017754285714285716,0.017974666666666667
2026-07-12,I_023,0.019864,6,1,7,12,0.028496,0.022775999999999998,0.018244571428571426,0.01852842105263158
2026-07-13,I_023,0.014976,0,0,7,13,0.019864,0.013832,0.01782857142857143,0.0185952
2026-07-14,I_023,0.013936,1,0,7,14,0.014976,0.014664,0.017992,0.018422857142857144
2026-07-15,I_023,0.016848000000000002,2,0,7,15,0.013936,0.014144,0.017887999999999998,0.01821890909090909
2026-07-16,I_023,0.013624,3,0,7,16,0.016848000000000002,0.015912,0.018274285714285715,0.018159304347826085
2026-07-17,I_023,0.024024000000000004,4,0,7,17,0.013624,0.017888,0.01794742857142857,0.017970333333333335
2026-07-18,I_023,0.022359999999999998,5,1,7,18,0.024024000000000004,0.028496,0.018824,0.01821248
2026-07-19,I_023,0.027144,6,1,7,19,0.022359999999999998,0.019864,0.017947428571428576,0.018372
2026-07-20,I_023,0.013832,0,0,7,20,0.027144,0.014976,0.018987428571428572,0.01869688888888889
2026-07-21,I_023,0.015912,1,0,7,21,0.013832,0.013936,0.018824,0.018523142857142856
2026-07-22,I_023,0.013624,2,0,7,22,0.015912,0.016848000000000002,0.019106285714285715,0.018433103448275864
2026-07-23,I_023,0.015704,3,0,7,23,0.013624,0.013624,0.018645714285714286,0.0182728
2026-07-24,I_023,0.017368,4,0,7,24,0.015704,0.024024000000000004,0.018942857142857143,0.018335200000000003
2026-07-25,I_023,0.025168,5,1,7,25,0.017368,0.022359999999999998,0.017992,0.018411466666666664
2026-07-26,I_023,0.024856,6,1,7,26,0.025168,0.027144,0.018393142857142858,0.018616
2026-07-27,I_023,0.015184,0,0,7,27,0.024856,0.013832,0.018066285714285712,0.01881013333333333
2026-07-28,I_023,0.016224,1,0,7,28,0.015184,0.015912,0.01825942857142857,0.018390666666666666
2026-07-29,I_023,0.01872,2,0,7,29,0.016224,0.013624,0.018303999999999997,0.018269333333333335
2026-07-30,I_023,0.019968,3,0,7,30,0.01872,0.015704,0.019032,0.018446133333333333
2026-07-31,I_023,0.017472,4,0,7,31,0.019968,0.017368,0.019641142857142857,0.018546666666666666
2026-08-01,I_023,0.02444,5,1,8,1,0.017472,0.025168,0.019656,0.018612533333333337
2026-08-02,I_023,0.025064,6,1,8,2,0.02444,0.024856,0.019551999999999996,0.018772000000000004
2026-08-03,I_023,0.016016,0,0,8,3,0.025064,0.015184,0.019581714285714286,0.0189696
2026-08-04,I_023,0.015288000000000001,1,0,8,4,0.016016,0.016224,0.01970057142857143,0.018668
2026-08-05,I_023,0.019344,2,0,8,5,0.015288000000000001,0.01872,0.019566857142857143,0.0184184
2026-08-06,I_023,0.013104,3,0,8,6,0.019344,0.019968,0.019656,0.018602133333333336
2026-08-07,I_023,0.025376,4,0,8,7,0.013104,0.017472,0.018675428571428572,0.018550133333333333
2026-08-08,I_023,0.025272000000000003,5,1,8,8,0.025376,0.02444,0.01980457142857143,0.018924533333333333
2026-08-09,I_023,0.020072,6,1,8,9,0.025272000000000003,0.025064,0.01992342857142857,0.01923653333333333
2026-08-10,I_023,0.012792,0,0,8,10,0.020072,0.016016,0.019210285714285714,0.01930933333333333
2026-08-11,I_023,0.017264,1,0,8,11,0.012792,0.015288000000000001,0.018749714285714286,0.018785866666666665
2026-08-12,I_023,0.016952000000000002,2,0,8,12,0.017264,0.019344,0.019032,0.018699200000000003
2026-08-13,I_023,0.012272,3,0,8,13,0.016952000000000002,0.013104,0.018690285714285715,0.018765066666666667
2026-08-14,I_023,0.020384,4,0,8,14,0.012272,0.025376,0.018571428571428572,0.0187096
2026-08-15,I_023,0.023816,5,1,8,15,0.020384,0.025272000000000003,0.017858285714285715,0.018827466666666667
2026-08-16,I_023,0.019656,6,1,8,16,0.023816,0.020072,0.017650285714285712,0.0191672
2026-08-17,I_023,0.017992,0,0,8,17,0.019656,0.012792,0.01759085714285714,0.019021599999999996
2026-08-18,I_023,0.01612,1,0,8,18,0.017992,0.017264,0.018333714285714287,0.018876
2026-08-19,I_023,0.014768,2,0,8,19,0.01612,0.016952000000000002,0.018170285714285715,0.018508533333333334
2026-08-20,I_023,0.014872,3,0,8,20,0.014768,0.012272,0.017858285714285715,0.018539733333333332
2026-08-21,I_023,0.018512,4,0,8,21,0.014872,0.020384,0.018229714285714287,0.018505066666666667
2026-06-23,I_024,1.9145400000000001,1,0,6,23,,,,
2026-06-24,I_024,1.9788000000000001,2,0,6,24,1.9145400000000001,,1.9145400000000001,1.9145400000000001
2026-06-25,I_024,2.21952,3,0,6,25,1.9788000000000001,,1.9466700000000001,1.9466700000000001
2026-06-26,I_024,2.5724400000000003,4,0,6,26,2.21952,,2.03762,2.03762
2026-06-27,I_024,3.3935400000000002,5,1,6,27,2.5724400000000003,,2.1713250000000004,2.1713250000000004
2026-06-28,I_024,2.8774200000000003,6,1,6,28,3.3935400000000002,,2.4157680000000004,2.4157680000000004
2026-06-29,I_024,1.92372,0,0,6,29,2.8774200000000003,,2.49271,2.49271
2026-06-30,I_024,2.00226,1,0,6,30,1.92372,1.9145400000000001,2.411425714285714,2.411425714285714
2026-07-01,I_024,2.03796,2,0,7,1,2.00226,1.9788000000000001,2.423957142857143,2.3602800000000004
2026-07-02,I_024,2.23992,3,0,7,2,2.03796,2.21952,2.4324085714285713,2.324466666666667
2026-07-03,I_024,2.7703200000000003,4,0,7,3,2.23992,2.5724400000000003,2.4353228571428573,2.316012
2026-07-04,I_024,3.3782400000000004,5,1,7,4,2.7703200000000003,3.3935400000000002,2.463591428571429,2.3573127272727272
2026-07-05,I_024,2.97228,6,1,7,5,3.3782400000000004,2.8774200000000003,2.461405714285714,2.44239
2026-07-06,I_024,1.9155600000000002,0,0,7,6,2.97228,1.92372,2.474957142857143,2.483150769230769
2026-07-07,I_024,1.9053600000000002,1,0,7,7,1.9155600000000002,2.00226,2.4737914285714284,2.4426085714285715
2026-07-08,I_024,1.9420800000000003,2,0,7,8,1.9053600000000002,2.03796,2.459948571428572,2.4067920000000003
2026-07-09,I_024,2.13078,3,0,7,9,1.9420800000000003,2.23992,2.4462514285714287,2.3777475000000003
2026-07-10,I_024,2.7132,4,0,7,10,2.13078,2.7703200000000003,2.43066,2.36322
2026-07-11,I_024,3.4190400000000003,5,1,7,11,2.7132,3.3782400000000004,2.4225,2.3826633333333334
2026-07-12,I_024,2.89272,6,1,7,12,3.4190400000000003,2.97228,2.4283285714285716,2.4372094736842107
2026-07-13,I_024,2.06958,0,0,7,13,2.89272,1.9155600000000002,2.416962857142857,2.459985
2026-07-14,I_024,2.03898,1,0,7,14,2.06958,1.9053600000000002,2.4389657142857146,2.441394285714286
2026-07-15,I_024,2.1175200000000003,2,0,7,15,2.03898,1.9420800000000003,2.4580542857142857,2.4231027272727275
2026-07-16,I_024,2.08692,3,0,7,16,2.1175200000000003,2.13078,2.483117142857143,2.4098165217391307
2026-07-17,I_024,2.73768,4,0,7,17,2.08692,2.7132,2.4768514285714285,2.3963625
2026-07-18,I_024,3.0508200000000003,5,1,7,18,2.73768,3.4190400000000003,2.480348571428572,2.4100152
2026-07-19,I_024,2.9467800000000004,6,1,7,19,3.0508200000000003,2.89272,2.4277457142857144,2.4346615384615387
2026-07-20,I_024,1.9196400000000002,0,0,7,20,2.9467800000000004,2.06958,2.4354685714285718,2.453628888888889
2026-07-21,I_024,2.00022,1,0,7,21,1.9196400000000002,2.03898,2.4140485714285718,2.434557857142857
2026-07-22,I_024,1.9757400000000003,2,0,7,22,2.00022,2.1175200000000003,2.408511428571429,2.4195806896551724
2026-07-23,I_024,2.0930400000000002,3,0,7,23,1.9757400000000003,2.08692,2.388257142857143,2.404786
2026-07-24,I_024,2.76216,4,0,7,24,2.0930400000000002,2.73768,2.3891314285714285,2.410736
2026-07-25,I_024,3.40884,5,1,7,25,2.76216,3.0508200000000003,2.3926285714285718,2.4368480000000003
2026-07-26,I_024,3.0477600000000002,6,1,7,26,3.40884,2.9467800000000004,2.443774285714286,2.4764920000000004
2026-07-27,I_024,2.0767200000000003,0,0,7,27,3.0477600000000002,1.9196400000000002,2.4582,2.4923360000000003
2026-07-28,I_024,1.78908,1,0,7,28,2.0767200000000003,2.00022,2.48064,2.448442
2026-07-29,I_024,2.2236000000000002,2,0,7,29,1.78908,1.9757400000000003,2.450477142857143,2.412164
2026-07-30,I_024,2.0716200000000002,3,0,7,30,2.2236000000000002,2.0930400000000002,2.4858857142857147,2.42216
2026-07-31,I_024,2.7917400000000003,4,0,7,31,2.0716200000000002,2.76216,2.482825714285714,2.4244720000000006
2026-08-01,I_024,3.111,5,1,8,1,2.7917400000000003,3.40884,2.487051428571429,2.449598
2026-08-02,I_024,3.08652,6,1,8,2,3.111,3.0477600000000002,2.444502857142857,2.478634
2026-08-03,I_024,1.9380000000000002,0,0,8,3,3.08652,2.0767200000000003,2.4500400000000004,2.4891739999999998
2026-08-04,I_024,1.9492200000000002,1,0,8,4,1.9380000000000002,1.78908,2.4302228571428572,2.4411660000000004
2026-08-05,I_024,1.9624800000000002,2,0,8,5,1.9492200000000002,2.2236000000000002,2.4531,2.407064
2026-08-06,I_024,2.1175200000000003,3,0,8,6,1.9624800000000002,2.0716200000000002,2.4157971428571434,2.408628
2026-08-07,I_024,2.58366,4,0,8,7,2.1175200000000003,2.7917400000000003,2.422354285714286,2.4157
2026-08-08,I_024,3.1354800000000003,5,1,8,8,2.58366,3.111,2.3926285714285718,2.4370860000000003
2026-08-09,I_024,2.7458400000000003,6,1,8,9,3.1354800000000003,3.08652,2.396125714285714,2.4705760000000003
2026-08-10,I_024,1.9023,0,0,8,10,2.7458400000000003,1.9380000000000002,2.347457142857143,2.471664
2026-08-11,I_024,2.15322,1,0,8,11,1.9023,1.9492200000000002,2.342357142857143,2.4211060000000004
2026-08-12,I_024,2.07978,2,0,8,12,2.15322,1.9624800000000002,2.3715,2.396456
2026-08-13,I_024,2.07978,3,0,8,13,2.07978,2.1175200000000003,2.388257142857143,2.396796
2026-08-14,I_024,2.6856600000000004,4,0,8,14,2.07978,2.58366,2.3828657142857144,2.398156
2026-08-15,I_024,3.16914,5,1,8,15,2.6856600000000004,3.1354800000000003,2.397437142857143,2.417094
2026-08-16,I_024,2.99574,6,1,8,16,3.16914,2.7458400000000003,2.4022457142857143,2.453168
2026-08-17,I_024,1.99716,0,0,8,17,2.99574,1.9023,2.4379457142857146,2.46177
2026-08-18,I_024,1.8064200000000001,1,0,8,18,1.99716,2.15322,2.451497142857143,2.426648
2026-08-19,I_024,2.0512200000000003,2,0,8,19,1.8064200000000001,2.07978,2.4019542857142855,2.3886360000000004
2026-08-20,I_024,2.26542,3,0,8,20,2.0512200000000003,2.07978,2.3978742857142854,2.3930220000000006
2026-08-21,I_024,2.7438000000000002,4,0,8,21,2.26542,2.6856600000000004,2.424394285714286,2.4018620000000004
2026-06-23,I_025,1.5912,1,0,6,23,,,,
2026-06-24,I_025,2.0705999999999998,2,0,6,24,1.5912,,1.5912,1.5912
2026-06-25,I_025,1.9584000000000001,3,0,6,25,2.0705999999999998,,1.8308999999999997,1.8308999999999997
2026-06-26,I_025,2.2695000000000003,4,0,6,26,1.9584000000000001,,1.8734,1.8734
2026-06-27,I_025,3.1059,5,1,6,27,2.2695000000000003,,1.9724249999999999,1.9724249999999999
2026-06-28,I_025,2.5143,6,1,6,28,3.1059,,2.1991199999999997,2.1991199999999997
2026-06-29,I_025,1.6779000000000002,0,0,6,29,2.5143,,2.25165,2.25165
2026-06-30,I_025,2.5092000000000003,1,0,6,30,1.6779000000000002,1.5912,2.169685714285714,2.169685714285714
2026-07-01,I_025,1.683,2,0,7,1,2.5092000000000003,2.0705999999999998,2.3008285714285712,2.212125
2026-07-02,I_025,2.0808,3,0,7,2,1.683,1.9584000000000001,2.245457142857143,2.1533333333333333
2026-07-03,I_025,2.4684,4,0,7,3,2.0808,2.2695000000000003,2.2629428571428574,2.14608
2026-07-04,I_025,3.0294,5,1,7,4,2.4684,3.1059,2.291357142857143,2.1753818181818185
2026-07-05,I_025,3.0396,6,1,7,5,3.0294,2.5143,2.2804285714285717,2.24655
2026-07-06,I_025,1.5555,0,0,7,6,3.0396,1.6779000000000002,2.355471428571429,2.307553846153846
2026-07-07,I_025,1.9992,1,0,7,7,1.5555,2.5092000000000003,2.3379857142857143,2.253835714285714
2026-07-08,I_025,2.1522,2,0,7,8,1.9992,1.683,2.2651285714285714,2.23686
2026-07-09,I_025,2.04,3,0,7,9,2.1522,2.0808,2.3321571428571426,2.23156875
2026-07-10,I_025,2.7132,4,0,7,10,2.04,2.4684,2.3263285714285717,2.2203
2026-07-11,I_025,2.856,5,1,7,11,2.7132,3.0294,2.3613,2.2476833333333333
2026-07-12,I_025,2.6622000000000003,6,1,7,12,2.856,3.0396,2.336528571428571,2.2797
2026-07-13,I_025,1.7646000000000002,0,0,7,13,2.6622000000000003,1.5555,2.2826142857142857,2.298825
2026-07-14,I_025,2.1165000000000003,1,0,7,14,1.7646000000000002,1.9992,2.3124857142857143,2.2733857142857143
2026-07-15,I_025,1.7187000000000001,2,0,7,15,2.1165000000000003,2.1522,2.3292428571428574,2.2662545454545455
2026-07-16,I_025,1.887,3,0,7,16,1.7187000000000001,2.04,2.267314285714286,2.2424478260869565
2026-07-17,I_025,2.4327,4,0,7,17,1.887,2.7132,2.245457142857143,2.2276375
2026-07-18,I_025,2.5551000000000004,5,1,7,18,2.4327,2.856,2.2053857142857143,2.23584
2026-07-19,I_025,2.6928,6,1,7,19,2.5551000000000004,2.6622000000000003,2.1624000000000003,2.248119230769231
2026-07-20,I_025,2.1522,0,0,7,20,2.6928,1.7646000000000002,2.166771428571429,2.264588888888889
2026-07-21,I_025,2.1165000000000003,1,0,7,21,2.1522,2.1165000000000003,2.2221428571428574,2.2605750000000002
2026-07-22,I_025,1.8972000000000002,2,0,7,22,2.1165000000000003,1.7187000000000001,2.2221428571428574,2.255606896551724
2026-07-23,I_025,1.8768,3,0,7,23,1.8972000000000002,1.887,2.2476428571428575,2.2436599999999998
2026-07-24,I_025,2.3664,4,0,7,24,1.8768,2.4327,2.2461857142857142,2.25318
2026-07-25,I_025,2.9733,5,1,7,25,2.3664,2.5551000000000004,2.236714285714286,2.2630399999999997
2026-07-26,I_025,3.0039,6,1,7,26,2.9733,2.6928,2.296457142857143,2.29687
2026-07-27,I_025,1.5402,0,0,7,27,3.0039,2.1522,2.3409,2.3213500000000002
2026-07-28,I_025,2.0502000000000002,1,0,7,28,1.5402,2.1165000000000003,2.253471428571429,2.2691600000000003
2026-07-29,I_025,1.9788000000000001,2,0,7,29,2.0502000000000002,1.8972000000000002,2.244,2.2536899999999997
2026-07-30,I_025,2.2542,3,0,7,30,1.9788000000000001,1.8768,2.255657142857143,2.26372
2026-07-31,I_025,2.3358,4,0,7,31,2.2542,2.3664,2.3095714285714286,2.25522
2026-08-01,I_025,2.9427,5,1,8,1,2.3358,2.9733,2.3052,2.2769800000000004
2026-08-02,I_025,2.9478000000000004,6,1,8,2,2.9427,3.0039,2.3008285714285712,2.30571
2026-08-03,I_025,1.8207,0,0,8,3,2.9478000000000004,1.5402,2.292814285714286,2.3216900000000007
2026-08-04,I_025,1.9329,1,0,8,4,1.8207,2.0502000000000002,2.3328857142857147,2.2813999999999997
2026-08-05,I_025,1.8207,2,0,8,5,1.9329,1.9788000000000001,2.3161285714285715,2.24451
2026-08-06,I_025,1.4688,3,0,8,6,1.8207,2.2542,2.293542857142857,2.2533499999999997
2026-08-07,I_025,2.8101000000000003,4,0,8,7,1.4688,2.3358,2.181342857142857,2.2356700000000003
2026-08-08,I_025,2.6316,5,1,8,8,2.8101000000000003,2.9427,2.2491,2.2576000000000005
2026-08-09,I_025,2.5296000000000003,6,1,8,9,2.6316,2.9478000000000004,2.204657142857143,2.2773200000000005
2026-08-10,I_025,2.3562,0,0,8,10,2.5296000000000003,1.8207,2.1449142857142856,2.2712000000000003
2026-08-11,I_025,1.7901000000000002,1,0,8,11,2.3562,1.9329,2.221414285714286,2.25454
2026-08-12,I_025,2.0706,2,0,8,12,1.7901000000000002,1.8207,2.201014285714286,2.22547
2026-08-13,I_025,1.8462,3,0,8,13,2.0706,1.4688,2.2367142857142857,2.23567
2026-08-14,I_025,2.6418,4,0,8,14,1.8462,2.8101000000000003,2.2906285714285715,2.2266600000000003
2026-08-15,I_025,2.9325,5,1,8,15,2.6418,2.6316,2.2665857142857146,2.25743
2026-08-16,I_025,2.7438000000000002,6,1,8,16,2.9325,2.5296000000000003,2.3095714285714286,2.29228
2026-08-17,I_025,1.6422,0,0,8,17,2.7438000000000002,2.3562,2.3401714285714283,2.3026500000000003
2026-08-18,I_025,1.9278,1,0,8,18,1.6422,1.7901000000000002,2.238171428571429,2.27222
2026-08-19,I_025,2.0706,2,0,8,19,1.9278,2.0706,2.2578428571428573,2.2467200000000003
2026-08-20,I_025,1.9941000000000002,3,0,8,20,2.0706,1.8462,2.2578428571428573,2.244
2026-08-21,I_025,2.5296000000000003,4,0,8,21,1.9941000000000002,2.6418,2.2789714285714284,2.23992
2026-06-23,I_026,11.3184,1,0,6,23,,,,
2026-06-24,I_026,11.2752,2,0,6,24,11.3184,,11.3184,11.3184
2026-06-25,I_026,13.5324,3,0,6,25,11.2752,,11.296800000000001,11.296800000000001
2026-06-26,I_026,14.634,4,0,6,26,13.5324,,12.042000000000002,12.042000000000002
2026-06-27,I_026,19.7802,5,1,6,27,14.634,,12.690000000000001,12.690000000000001
2026-06-28,I_026,16.2864,6,1,6,28,19.7802,,14.108039999999999,14.108039999999999
2026-06-29,I_026,10.4382,0,0,6,29,16.2864,,14.4711,14.4711
2026-06-30,I_026,11.3292,1,0,6,30,10.4382,11.3184,13.894971428571429,13.894971428571429
2026-07-01,I_026,11.6748,2,0,7,1,11.3292,11.2752,13.896514285714288,13.574250000000001
2026-07-02,I_026,13.1058,3,0,7,2,11.6748,13.5324,13.9536,13.363199999999999
2026-07-03,I_026,16.470000000000002,4,0,7,3,13.1058,14.634,13.892657142857143,13.337460000000002
2026-07-04,I_026,19.6128,5,1,7,4,16.470000000000002,19.7802,14.154942857142856,13.622236363636365
2026-07-05,I_026,17.047800000000002,6,1,7,5,19.6128,16.2864,14.131028571428573,14.121450000000001
2026-07-06,I_026,11.6694,0,0,7,6,17.047800000000002,10.4382,14.239800000000002,14.346553846153846
2026-07-07,I_026,10.125,1,0,7,7,11.6694,11.3292,14.415685714285715,14.155328571428571
2026-07-08,I_026,11.3832,2,0,7,8,10.125,11.6748,14.243657142857144,13.88664
2026-07-09,I_026,12.501,3,0,7,9,11.3832,13.1058,14.202000000000002,13.730175000000001
2026-07-10,I_026,16.2054,4,0,7,10,12.501,16.470000000000002,14.1156,13.657870588235296
2026-07-11,I_026,20.79,5,1,7,11,16.2054,19.6128,14.0778,13.7994
2026-07-12,I_026,16.416,6,1,7,12,20.79,17.047800000000002,14.245971428571428,14.167326315789476
2026-07-13,I_026,12.042,0,0,7,13,16.416,11.6694,14.155714285714286,14.279760000000001
2026-07-14,I_026,11.1294,1,0,7,14,12.042,10.125,14.208942857142857,14.1732
2026-07-15,I_026,11.8584,2,0,7,15,11.1294,11.3832,14.352428571428572,14.034845454545454
2026-07-16,I_026,12.393,3,0,7,16,11.8584,12.501,14.420314285714285,13.940217391304348
2026-07-17,I_026,15.816600000000001,4,0,7,17,12.393,16.2054,14.404885714285715,13.875750000000002
2026-07-18,I_026,16.794,5,1,7,18,15.816600000000001,20.79,14.349342857142858,13.953384000000002
2026-07-19,I_026,17.4798,6,1,7,19,16.794,16.416,13.778485714285713,14.062638461538462
2026-07-20,I_026,10.8648,0,0,7,20,17.4798,12.042,13.930457142857145,14.189200000000001
2026-07-21,I_026,11.421,1,0,7,21,10.8648,11.1294,13.762285714285715,14.070471428571429
2026-07-22,I_026,11.048399999999999,2,0,7,22,11.421,11.8584,13.803942857142857,13.979110344827587
2026-07-23,I_026,11.172600000000001,3,0,7,23,11.048399999999999,12.393,13.68822857142857,13.88142
2026-07-24,I_026,17.4312,4,0,7,24,11.172600000000001,15.816600000000001,13.513885714285715,13.876560000000001
2026-07-25,I_026,19.7424,5,1,7,25,17.4312,16.794,13.744542857142859,14.081760000000001
2026-07-26,I_026,17.4582,6,1,7,26,19.7424,17.4798,14.165742857142856,14.288760000000002
2026-07-27,I_026,11.6154,0,0,7,27,17.4582,10.8648,14.162657142857142,14.382900000000001
2026-07-28,I_026,10.2762,1,0,7,28,11.6154,11.421,14.269885714285712,14.11074
2026-07-29,I_026,12.5226,2,0,7,29,10.2762,11.048399999999999,14.106342857142858,13.910400000000001
2026-07-30,I_026,11.5938,3,0,7,30,12.5226,11.172600000000001,14.316942857142857,13.979880000000001
2026-07-31,I_026,16.0272,4,0,7,31,11.5938,17.4312,14.377114285714285,13.9887
2026-08-01,I_026,18.5004,5,1,8,1,16.0272,19.7424,14.176542857142858,14.13378
2026-08-02,I_026,17.658,6,1,8,2,18.5004,17.4582,13.999114285714287,14.313600000000001
2026-08-03,I_026,10.1628,0,0,8,3,17.658,11.6154,14.027657142857143,14.3532
2026-08-04,I_026,11.1132,1,0,8,4,10.1628,10.2762,13.820142857142859,14.0382
2026-08-05,I_026,11.6802,2,0,8,5,11.1132,12.5226,13.939714285714286,13.840380000000001
2026-08-06,I_026,12.7386,3,0,8,6,11.6802,11.5938,13.81937142857143,13.840740000000002
2026-08-07,I_026,15.8544,4,0,8,7,12.7386,16.0272,13.982914285714287,13.92786
2026-08-08,I_026,18.144000000000002,5,1,8,8,15.8544,18.5004,13.958228571428572,14.0769
2026-08-09,I_026,16.2,6,1,8,9,18.144000000000002,17.658,13.907314285714287,14.264999999999999
2026-08-10,I_026,11.7558,0,0,8,10,16.2,10.1628,13.69902857142857,14.264819999999999
2026-08-11,I_026,13.0842,1,0,8,11,11.7558,11.1132,13.926600000000002,13.96368
2026-08-12,I_026,12.5226,2,0,8,12,13.0842,11.6802,14.20817142857143,13.85262
2026-08-13,I_026,12.1446,3,0,8,13,12.5226,12.7386,14.328514285714286,13.868640000000001
2026-08-14,I_026,15.0984,4,0,8,14,12.1446,15.8544,14.243657142857144,13.90248
2026-08-15,I_026,18.171,5,1,8,15,15.0984,18.144000000000002,14.135657142857143,14.010480000000001
2026-08-16,I_026,16.794,6,1,8,16,18.171,16.2,14.139514285714284,14.20308
2026-08-17,I_026,11.3238,0,0,8,17,16.794,11.7558,14.224371428571429,14.23566
2026-08-18,I_026,10.7892,1,0,8,18,11.3238,13.0842,14.162657142857142,14.053320000000001
2026-08-19,I_026,12.2526,2,0,8,19,10.7892,12.5226,13.8348,13.8303
2026-08-20,I_026,13.4028,3,0,8,20,12.2526,12.1446,13.796228571428571,13.876560000000001
2026-08-21,I_026,16.3134,4,0,8,21,13.4028,15.0984,13.975971428571428,13.94262
2026-06-23,I_027,0.6324200000000001,1,0,6,23,,,,
2026-06-24,I_027,0.6890700000000001,2,0,6,24,0.6324200000000001,,0.6324200000000001,0.6324200000000001
2026-06-25,I_027,0.7683800000000001,3,0,6,25,0.6890700000000001,,0.6607450000000001,0.6607450000000001
2026-06-26,I_027,0.8600500000000001,4,0,6,26,0.7683800000000001,,0.6966233333333335,0.6966233333333335
2026-06-27,I_027,1.1700800000000002,5,1,6,27,0.8600500000000001,,0.7374800000000001,0.7374800000000001
2026-06-28,I_027,0.9589300000000001,6,1,6,28,1.1700800000000002,,0.8240000000000002,0.8240000000000002
2026-06-29,I_027,0.61697,0,0,6,29,0.9589300000000001,,0.8464883333333334,0.8464883333333334
2026-06-30,I_027,0.69628,1,0,6,30,0.61697,0.6324200000000001,0.8137000000000001,0.8137000000000001
2026-07-01,I_027,0.72718,2,0,7,1,0.69628,0.6890700000000001,0.8228228571428573,0.7990225000000001
2026-07-02,I_027,0.8126700000000001,3,0,7,2,0.72718,0.7683800000000001,0.828267142857143,0.7910400000000001
2026-07-03,I_027,0.9846800000000001,4,0,7,3,0.8126700000000001,0.8600500000000001,0.8345942857142858,0.7932030000000001
2026-07-04,I_027,1.18038,5,1,7,4,0.9846800000000001,1.1700800000000002,0.8523985714285714,0.81061
2026-07-05,I_027,1.05884,6,1,7,5,1.18038,0.9589300000000001,0.85387,0.8414241666666668
2026-07-06,I_027,0.69937,0,0,7,6,1.05884,0.61697,0.8681428571428571,0.8581484615384617
2026-07-07,I_027,0.60667,1,0,7,7,0.69937,0.69628,0.8799142857142856,0.846807142857143
2026-07-08,I_027,0.6890700000000001,2,0,7,8,0.60667,0.72718,0.8671128571428571,0.830798
2026-07-09,I_027,0.72409,3,0,7,9,0.6890700000000001,0.8126700000000001,0.8616685714285716,0.8219400000000001
2026-07-10,I_027,0.9270000000000002,4,0,7,10,0.72409,0.9846800000000001,0.8490142857142857,0.8161841176470589
2026-07-11,I_027,1.19995,5,1,7,11,0.9270000000000002,1.18038,0.8407742857142857,0.8223405555555556
2026-07-12,I_027,1.03824,6,1,7,12,1.19995,1.05884,0.84357,0.8422147368421055
2026-07-13,I_027,0.7127600000000001,0,0,7,13,1.03824,0.69937,0.8406271428571428,0.8520160000000001
2026-07-14,I_027,0.6890700000000001,1,0,7,14,0.7127600000000001,0.60667,0.84254,0.845384761904762
2026-07-15,I_027,0.7302700000000001,2,0,7,15,0.6890700000000001,0.6890700000000001,0.8543114285714287,0.8382795454545455
2026-07-16,I_027,0.6798000000000001,3,0,7,16,0.7302700000000001,0.72409,0.860197142857143,0.8335834782608696
2026-07-17,I_027,0.9620200000000001,4,0,7,17,0.6798000000000001,0.9270000000000002,0.85387,0.8271758333333334
2026-07-18,I_027,1.0083700000000002,5,1,7,18,0.9620200000000001,1.19995,0.8588728571428572,0.8325696
2026-07-19,I_027,1.07223,6,1,7,19,1.0083700000000002,1.03824,0.8315042857142858,0.8393311538461539
2026-07-20,I_027,0.6468400000000001,0,0,7,20,1.07223,0.7127600000000001,0.8363600000000001,0.8479570370370371
2026-07-21,I_027,0.67671,1,0,7,21,0.6468400000000001,0.6890700000000001,0.8269428571428572,0.8407742857142858
2026-07-22,I_027,0.6499300000000001,2,0,7,22,0.67671,0.7302700000000001,0.8251771428571429,0.8351168965517243
2026-07-23,I_027,0.7519000000000001,3,0,7,23,0.6499300000000001,0.6798000000000001,0.8137000000000001,0.828944
2026-07-24,I_027,0.9651100000000001,4,0,7,24,0.7519000000000001,0.9620200000000001,0.8240000000000001,0.8329266666666668
2026-07-25,I_027,1.24527,5,1,7,25,0.9651100000000001,1.0083700000000002,0.8244414285714287,0.8421280000000001
2026-07-26,I_027,1.0094,6,1,7,26,1.24527,1.07223,0.8582842857142859,0.8580243333333334
2026-07-27,I_027,0.72306,0,0,7,27,1.0094,0.6468400000000001,0.8493085714285715,0.8630026666666668
2026-07-28,I_027,0.6468400000000001,1,0,7,28,0.72306,0.67671,0.860197142857143,0.8481020000000001
2026-07-29,I_027,0.73336,2,0,7,29,0.6468400000000001,0.6499300000000001,0.8559300000000001,0.8376990000000002
2026-07-30,I_027,0.6993700000000002,3,0,7,30,0.73336,0.7519000000000001,0.8678485714285715,0.8415786666666667
2026-07-31,I_027,1.00116,4,0,7,31,0.6993700000000002,0.9651100000000001,0.8603442857142858,0.8416816666666668
2026-08-01,I_027,1.05369,5,1,8,1,1.00116,1.24527,0.8654942857142858,0.8508143333333335
2026-08-02,I_027,1.0794400000000002,6,1,8,2,1.05369,1.0094,0.8381257142857145,0.8588483333333333
2026-08-03,I_027,0.64478,0,0,8,3,1.0794400000000002,0.72306,0.8481314285714286,0.8620070000000001
2026-08-04,I_027,0.6324200000000001,1,0,8,4,0.64478,0.6468400000000001,0.8369485714285715,0.8441536666666668
2026-08-05,I_027,0.6746500000000001,2,0,8,5,0.6324200000000001,0.73336,0.8348885714285715,0.8299396666666667
2026-08-06,I_027,0.6962800000000001,3,0,8,6,0.6746500000000001,0.6993700000000002,0.8265014285714286,0.8291156666666668
2026-08-07,I_027,0.85387,4,0,8,7,0.6962800000000001,1.00116,0.82606,0.8321026666666668
2026-08-08,I_027,1.10725,5,1,8,8,0.85387,1.05369,0.8050185714285715,0.837596
2026-08-09,I_027,0.9867400000000002,6,1,8,9,1.10725,1.0794400000000002,0.8126700000000001,0.850368
2026-08-10,I_027,0.66229,0,0,8,10,0.9867400000000002,0.64478,0.7994271428571429,0.8523593333333335
2026-08-11,I_027,0.7343900000000001,1,0,8,11,0.66229,0.6324200000000001,0.8019285714285715,0.8344373333333334
2026-08-12,I_027,0.76117,2,0,8,12,0.7343900000000001,0.6746500000000001,0.8164957142857144,0.8243090000000001
2026-08-13,I_027,0.69525,3,0,8,13,0.76117,0.6962800000000001,0.8288557142857144,0.8259226666666668
2026-08-14,I_027,0.8940400000000001,4,0,8,14,0.69525,0.85387,0.8287085714285715,0.8261286666666668
2026-08-15,I_027,1.10725,5,1,8,15,0.8940400000000001,1.10725,0.8344471428571429,0.8315876666666667
2026-08-16,I_027,0.9846800000000001,6,1,8,16,1.10725,0.9867400000000002,0.834447142857143,0.845836
2026-08-17,I_027,0.6870100000000001,0,0,8,17,0.9846800000000001,0.66229,0.8341528571428573,0.8465913333333334
2026-08-18,I_027,0.60358,1,0,8,18,0.6870100000000001,0.7343900000000001,0.8376842857142858,0.8358793333333334
2026-08-19,I_027,0.7034900000000001,2,0,8,19,0.60358,0.76117,0.8189971428571429,0.8202576666666668
2026-08-20,I_027,0.78795,3,0,8,20,0.7034900000000001,0.69525,0.8107571428571428,0.822146
2026-08-21,I_027,0.8785900000000001,4,0,8,21,0.78795,0.8940400000000001,0.8240000000000001,0.8258540000000001
2026-06-23,I_028,9.3215,1,0,6,23,,,,
2026-06-24,I_028,10.0425,2,0,6,24,9.3215,,9.3215,9.3215
2026-06-25,I_028,10.485400000000002,3,0,6,25,10.0425,,9.682,9.682
2026-06-26,I_028,12.9574,4,0,6,26,10.485400000000002,,9.949800000000002,9.949800000000002
2026-06-27,I_028,14.2758,5,1,6,27,12.9574,,10.7017,10.7017
2026-06-28,I_028,14.945300000000001,6,1,6,28,14.2758,,11.41652,11.41652
2026-06-29,I_028,11.021,0,0,6,29,14.945300000000001,,12.00465,12.00465
2026-06-30,I_028,8.7138,1,0,6,30,11.021,9.3215,11.864128571428571,11.864128571428571
2026-07-01,I_028,10.1455,2,0,7,1,8.7138,10.0425,11.777314285714287,11.470337500000001
2026-07-02,I_028,9.331800000000001,3,0,7,2,10.1455,10.485400000000002,11.792028571428572,11.323133333333335
2026-07-03,I_028,12.081900000000001,4,0,7,3,9.331800000000001,12.9574,11.627228571428573,11.124
2026-07-04,I_028,15.347000000000001,5,1,7,4,12.081900000000001,14.2758,11.502157142857143,11.21108181818182
2026-07-05,I_028,13.7917,6,1,7,5,15.347000000000001,14.945300000000001,11.655185714285716,11.555741666666668
2026-07-06,I_028,10.135200000000001,0,0,7,6,13.7917,11.021,11.490385714285717,11.727738461538461
2026-07-07,I_028,11.659600000000001,1,0,7,7,10.135200000000001,8.7138,11.363842857142858,11.613985714285715
2026-07-08,I_028,9.187600000000002,2,0,7,8,11.659600000000001,10.1455,11.784671428571428,11.617026666666668
2026-07-09,I_028,11.8244,3,0,7,9,9.187600000000002,9.331800000000001,11.647828571428573,11.4651875
2026-07-10,I_028,13.5136,4,0,7,10,11.8244,12.081900000000001,12.003914285714286,11.486317647058824
2026-07-11,I_028,13.482700000000001,5,1,7,11,13.5136,15.347000000000001,12.208442857142858,11.598944444444445
2026-07-12,I_028,12.6175,6,1,7,12,13.482700000000001,13.7917,11.942114285714286,11.698089473684211
2026-07-13,I_028,9.671700000000001,0,0,7,13,12.6175,10.135200000000001,11.77437142857143,11.744060000000001
2026-07-14,I_028,11.752300000000002,1,0,7,14,9.671700000000001,11.659600000000001,11.708157142857145,11.645376190476192
2026-07-15,I_028,10.269100000000002,2,0,7,15,11.752300000000002,9.187600000000002,11.721400000000001,11.650236363636365
2026-07-16,I_028,12.154000000000002,3,0,7,16,10.269100000000002,11.8244,11.875900000000001,11.59018695652174
2026-07-17,I_028,13.3488,4,0,7,17,12.154000000000002,13.5136,11.922985714285716,11.61367916666667
2026-07-18,I_028,15.130700000000001,5,1,7,18,13.3488,13.482700000000001,11.899442857142857,11.683084000000001
2026-07-19,I_028,12.875,6,1,7,19,15.130700000000001,12.6175,12.13487142857143,11.815684615384615
2026-07-20,I_028,10.2382,0,0,7,20,12.875,9.671700000000001,12.171657142857143,11.854918518518518
2026-07-21,I_028,9.991000000000001,1,0,7,21,10.2382,11.752300000000002,12.252585714285715,11.797178571428573
2026-07-22,I_028,10.9901,2,0,7,22,9.991000000000001,10.269100000000002,12.00097142857143,11.734896551724137
2026-07-23,I_028,10.979800000000001,3,0,7,23,10.9901,12.154000000000002,12.103971428571429,11.710070000000002
2026-07-24,I_028,13.400300000000001,4,0,7,24,10.979800000000001,13.3488,11.936228571428572,11.765346666666666
2026-07-25,I_028,16.294600000000003,5,1,7,25,13.400300000000001,15.130700000000001,11.943585714285716,11.877273333333335
2026-07-26,I_028,15.439700000000002,6,1,7,26,16.294600000000003,12.875,12.109857142857143,12.070913333333333
2026-07-27,I_028,9.352400000000001,0,0,7,27,15.439700000000002,10.2382,12.47624285714286,12.153656666666668
2026-07-28,I_028,8.3842,1,0,7,28,9.352400000000001,9.991000000000001,12.3497,11.989543333333334
2026-07-29,I_028,11.639000000000001,2,0,7,29,8.3842,10.9901,12.120157142857144,11.770840000000002
2026-07-30,I_028,10.3206,3,0,7,30,11.639000000000001,10.979800000000001,12.212857142857144,11.791440000000001
2026-07-31,I_028,13.204600000000001,4,0,7,31,10.3206,13.400300000000001,12.118685714285716,11.845
2026-08-01,I_028,14.883500000000002,5,1,8,1,13.204600000000001,16.294600000000003,12.090728571428574,11.94697
2026-08-02,I_028,14.553900000000002,6,1,8,2,14.883500000000002,15.439700000000002,11.88914285714286,12.132026666666667
2026-08-03,I_028,10.8871,0,0,8,3,14.553900000000002,9.352400000000001,11.7626,12.214426666666668
2026-08-04,I_028,10.413300000000001,1,0,8,4,10.8871,8.3842,11.98184285714286,12.065763333333335
2026-08-05,I_028,10.784100000000002,2,0,8,5,10.413300000000001,11.639000000000001,12.271714285714285,11.95315
2026-08-06,I_028,10.8047,3,0,8,6,10.784100000000002,10.3206,12.149585714285717,11.974780000000003
2026-08-07,I_028,13.905000000000001,4,0,8,7,10.8047,13.204600000000001,12.218742857142859,11.946283333333334
2026-08-08,I_028,15.892900000000001,5,1,8,8,13.905000000000001,14.883500000000002,12.318800000000001,12.103530000000001
2026-08-09,I_028,13.6372,6,1,8,9,15.892900000000001,14.553900000000002,12.463,12.239146666666668
2026-08-10,I_028,9.888000000000002,0,0,8,10,13.6372,10.8871,12.332042857142858,12.243266666666669
2026-08-11,I_028,9.8777,1,0,8,11,9.888000000000002,10.413300000000001,12.189314285714287,12.123443333333334
2026-08-12,I_028,10.433900000000001,2,0,8,12,9.8777,10.784100000000002,12.112800000000002,12.032116666666667
2026-08-13,I_028,9.651100000000001,3,0,8,13,10.433900000000001,10.8047,12.062771428571429,12.057523333333334
2026-08-14,I_028,13.523900000000001,4,0,8,14,9.651100000000001,13.905000000000001,11.897971428571429,11.987483333333333
2026-08-15,I_028,15.892900000000001,5,1,8,15,13.523900000000001,15.892900000000001,11.843528571428573,12.095976666666669
2026-08-16,I_028,14.646600000000001,6,1,8,16,15.892900000000001,13.6372,11.843528571428575,12.220606666666667
2026-08-17,I_028,9.1464,0,0,8,17,14.646600000000001,9.888000000000002,11.987728571428573,12.263866666666669
2026-08-18,I_028,9.3215,1,0,8,18,9.1464,9.8777,11.881785714285714,12.064390000000001
2026-08-19,I_028,10.1043,2,0,8,19,9.3215,10.433900000000001,11.802328571428573,11.945940000000002
2026-08-20,I_028,9.8468,3,0,8,20,10.1043,9.651100000000001,11.755242857142857,11.941476666666667
2026-08-21,I_028,12.978000000000002,4,0,8,21,9.8468,13.523900000000001,11.783199999999999,11.936670000000001
2026-06-23,I_029,6.1745,1,0,6,23,,,,
2026-06-24,I_029,6.0102,2,0,6,24,6.1745,,6.1745,6.1745
2026-06-25,I_029,7.234500000000001,3,0,6,25,6.0102,,6.09235,6.09235
2026-06-26,I_029,8.310400000000001,4,0,6,26,7.234500000000001,,6.473066666666667,6.473066666666667
2026-06-27,I_029,10.366800000000001,5,1,6,27,8.310400000000001,,6.9324,6.9324
2026-06-28,I_029,8.8934,6,1,6,28,10.366800000000001,,7.619280000000001,7.619280000000001
2026-06-29,I_029,5.5014,0,0,6,29,8.8934,,7.8316333333333334,7.8316333333333334
2026-06-30,I_029,5.8565000000000005,1,0,6,30,5.5014,6.1745,7.498742857142858,7.498742857142858
2026-07-01,I_029,5.989,2,0,7,1,5.8565000000000005,6.0102,7.453314285714286,7.2934625
2026-07-02,I_029,6.847600000000001,3,0,7,2,5.989,7.234500000000001,7.450285714285714,7.148522222222223
2026-07-03,I_029,7.9023,4,0,7,3,6.847600000000001,8.310400000000001,7.395014285714287,7.118430000000001
2026-07-04,I_029,10.8809,5,1,7,4,7.9023,10.366800000000001,7.336714285714286,7.18969090909091
2026-07-05,I_029,9.7149,6,1,7,5,10.8809,8.8934,7.410157142857143,7.4972916666666665
2026-07-06,I_029,5.6392,0,0,7,6,9.7149,5.5014,7.527514285714285,7.667876923076923
2026-07-07,I_029,5.2629,1,0,7,7,5.6392,5.8565000000000005,7.547199999999999,7.522971428571429
2026-07-08,I_029,5.2258000000000004,2,0,7,8,5.2629,5.989,7.462400000000001,7.3723
2026-07-09,I_029,6.3865,3,0,7,9,5.2258000000000004,6.847600000000001,7.353371428571429,7.238143750000001
2026-07-10,I_029,9.0365,4,0,7,10,6.3865,7.9023,7.2875000000000005,7.18804705882353
2026-07-11,I_029,10.4145,5,1,7,11,9.0365,10.8809,7.449528571428572,7.29073888888889
2026-07-12,I_029,9.333300000000001,6,1,7,12,10.4145,9.7149,7.382899999999999,7.455147368421054
2026-07-13,I_029,6.116200000000001,0,0,7,13,9.333300000000001,5.6392,7.328385714285715,7.549055
2026-07-14,I_029,5.9201,1,0,7,14,6.116200000000001,5.2629,7.396528571428571,7.480823809523811
2026-07-15,I_029,6.9324,2,0,7,15,5.9201,5.2258000000000004,7.490414285714286,7.409881818181819
2026-07-16,I_029,5.920100000000001,3,0,7,16,6.9324,6.3865,7.734214285714287,7.389121739130435
2026-07-17,I_029,8.183200000000001,4,0,7,17,5.920100000000001,9.0365,7.667585714285715,7.3279125
2026-07-18,I_029,9.3015,5,1,7,18,8.183200000000001,10.4145,7.545685714285715,7.362124
2026-07-19,I_029,9.995800000000001,6,1,7,19,9.3015,9.333300000000001,7.386685714285716,7.436715384615384
2026-07-20,I_029,5.978400000000001,0,0,7,20,9.995800000000001,6.116200000000001,7.481328571428572,7.531496296296297
2026-07-21,I_029,6.036700000000001,1,0,7,21,5.978400000000001,5.9201,7.461642857142857,7.4760285714285715
2026-07-22,I_029,6.148,2,0,7,22,6.036700000000001,6.9324,7.4783,7.426396551724139
2026-07-23,I_029,6.566700000000001,3,0,7,23,6.148,5.920100000000001,7.366242857142858,7.3837833333333345
2026-07-24,I_029,7.8864,4,0,7,24,6.566700000000001,8.183200000000001,7.458614285714286,7.396856666666667
2026-07-25,I_029,10.584100000000001,5,1,7,25,7.8864,9.3015,7.416214285714287,7.459396666666667
2026-07-26,I_029,9.211400000000001,6,1,7,26,10.584100000000001,9.995800000000001,7.599442857142857,7.5710500000000005
2026-07-27,I_029,6.227500000000001,0,0,7,27,9.211400000000001,5.978400000000001,7.487385714285714,7.601083333333333
2026-07-28,I_029,5.8512,1,0,7,28,6.227500000000001,6.036700000000001,7.52297142857143,7.463106666666667
2026-07-29,I_029,6.5826,2,0,7,29,5.8512,6.148,7.49647142857143,7.3617
2026-07-30,I_029,6.7469,3,0,7,30,6.5826,6.566700000000001,7.5585571428571425,7.397740000000001
2026-07-31,I_029,8.7026,4,0,7,31,6.7469,7.8864,7.584300000000001,7.427420000000001
2026-08-01,I_029,9.0047,5,1,8,1,8.7026,10.584100000000001,7.7009,7.517873333333333
2026-08-02,I_029,9.476400000000002,6,1,8,2,9.0047,9.211400000000001,7.475271428571429,7.589776666666667
2026-08-03,I_029,6.391800000000001,0,0,8,3,9.476400000000002,6.227500000000001,7.513128571428571,7.642246666666667
2026-08-04,I_029,5.2576,1,0,8,4,6.391800000000001,5.8512,7.5366,7.492610000000001
2026-08-05,I_029,6.042000000000001,2,0,8,5,5.2576,6.5826,7.4518,7.344033333333334
2026-08-06,I_029,6.264600000000001,3,0,8,6,6.042000000000001,6.7469,7.3745714285714286,7.3574600000000006
2026-08-07,I_029,7.483600000000001,4,0,8,7,6.264600000000001,8.7026,7.305671428571428,7.390850000000001
2026-08-08,I_029,9.0524,5,1,8,8,7.483600000000001,9.0047,7.131528571428572,7.4661100000000005
2026-08-09,I_029,8.6814,6,1,8,9,9.0524,9.476400000000002,7.138342857142858,7.554973333333335
2026-08-10,I_029,5.411300000000001,0,0,8,10,8.6814,6.391800000000001,7.024771428571429,7.543136666666667
2026-08-11,I_029,6.7681000000000004,1,0,8,11,5.411300000000001,5.2576,6.884700000000001,7.376363333333333
2026-08-12,I_029,6.9748,2,0,8,12,6.7681000000000004,6.042000000000001,7.100485714285715,7.290856666666667
2026-08-13,I_029,6.148000000000001,3,0,8,13,6.9748,6.264600000000001,7.2337428571428575,7.3194766666666675
2026-08-14,I_029,8.2044,4,0,8,14,6.148000000000001,7.483600000000001,7.217085714285715,7.327073333333334
2026-08-15,I_029,9.7202,5,1,8,15,8.2044,9.0524,7.320057142857144,7.3694733333333335
2026-08-16,I_029,9.5135,6,1,8,16,9.7202,8.6814,7.415457142857143,7.496143333333334
2026-08-17,I_029,6.503100000000001,0,0,8,17,9.5135,5.411300000000001,7.534328571428572,7.540486666666667
2026-08-18,I_029,5.761100000000001,1,0,8,18,6.503100000000001,6.7681000000000004,7.690300000000001,7.447206666666668
2026-08-19,I_029,6.2699,2,0,8,19,5.761100000000001,6.9748,7.546442857142858,7.306050000000001
2026-08-20,I_029,6.794600000000001,3,0,8,20,6.2699,6.148000000000001,7.445742857142858,7.315766666666667
2026-08-21,I_029,8.3475,4,0,8,21,6.794600000000001,8.2044,7.538114285714286,7.34103
2026-06-23,I_030,8.109,1,0,6,23,,,,
2026-06-24,I_030,6.2010000000000005,2,0,6,24,8.109,,8.109,8.109
2026-06-25,I_030,9.381,3,0,6,25,6.2010000000000005,,7.155,7.155
2026-06-26,I_030,9.222000000000001,4,0,6,26,9.381,,7.897000000000001,7.897000000000001
2026-06-27,I_030,10.812000000000001,5,1,6,27,9.222000000000001,,8.228250000000001,8.228250000000001
2026-06-28,I_030,11.129999999999999,6,1,6,28,10.812000000000001,,8.745000000000001,8.745000000000001
2026-06-29,I_030,7.632000000000001,0,0,6,29,11.129999999999999,,9.1425,9.1425
2026-06-30,I_030,8.427,1,0,6,30,7.632000000000001,8.109,8.926714285714286,8.926714285714286
2026-07-01,I_030,7.314,2,0,7,1,8.427,6.2010000000000005,8.972142857142858,8.86425
2026-07-02,I_030,7.95,3,0,7,2,7.314,9.381,9.131142857142857,8.692
2026-07-03,I_030,8.427,4,0,7,3,7.95,9.222000000000001,8.926714285714286,8.617799999999999
2026-07-04,I_030,11.448,5,1,7,4,8.427,10.812000000000001,8.813142857142855,8.600454545454546
2026-07-05,I_030,10.017,6,1,7,5,11.448,11.129999999999999,8.904,8.83775
2026-07-06,I_030,7.791,0,0,7,6,10.017,7.632000000000001,8.745,8.928461538461537
2026-07-07,I_030,6.519,1,0,7,7,7.791,8.427,8.767714285714286,8.847214285714285
2026-07-08,I_030,8.268,2,0,7,8,6.519,7.314,8.495142857142858,8.692
2026-07-09,I_030,7.154999999999999,3,0,7,9,8.268,7.95,8.631428571428572,8.6655
2026-07-10,I_030,9.54,4,0,7,10,7.154999999999999,8.427,8.517857142857142,8.576647058823529
2026-07-11,I_030,14.628,5,1,7,11,9.54,11.448,8.676857142857143,8.630166666666666
2026-07-12,I_030,10.971,6,1,7,12,14.628,10.017,9.131142857142857,8.945842105263159
2026-07-13,I_030,7.950000000000001,0,0,7,13,10.971,7.791,9.267428571428571,9.0471
2026-07-14,I_030,6.678,1,0,7,14,7.950000000000001,6.519,9.290142857142857,8.994857142857143
2026-07-15,I_030,7.632,2,0,7,15,6.678,8.268,9.312857142857142,8.889545454545454
2026-07-16,I_030,7.155,3,0,7,16,7.632,7.154999999999999,9.222,8.83486956521739
2026-07-17,I_030,9.062999999999999,4,0,7,17,7.155,9.54,9.222,8.764875
2026-07-18,I_030,10.017,5,1,7,18,9.062999999999999,14.628,9.153857142857143,8.7768
2026-07-19,I_030,9.222,6,1,7,19,10.017,10.971,8.495142857142858,8.8245
2026-07-20,I_030,6.519,0,0,7,20,9.222,7.950000000000001,8.245285714285714,8.839222222222222
2026-07-21,I_030,6.678,1,0,7,21,6.519,6.678,8.040857142857142,8.756357142857143
2026-07-22,I_030,8.109,2,0,7,22,6.678,7.632,8.040857142857144,8.684689655172413
2026-07-23,I_030,5.247,3,0,7,23,8.109,7.155,8.109,8.6655
2026-07-24,I_030,10.971,4,0,7,24,5.247,9.062999999999999,7.836428571428572,8.5701
2026-07-25,I_030,11.925,5,1,7,25,10.971,10.017,8.109,8.729099999999999
2026-07-26,I_030,9.222000000000001,6,1,7,26,11.925,9.222,8.38157142857143,8.813899999999999
2026-07-27,I_030,6.996,0,0,7,27,9.222000000000001,6.519,8.38157142857143,8.813899999999999
2026-07-28,I_030,5.247,1,0,7,28,6.996,6.678,8.449714285714286,8.6867
2026-07-29,I_030,8.586,2,0,7,29,5.247,8.109,8.245285714285714,8.4906
2026-07-30,I_030,7.950000000000001,3,0,7,30,8.586,5.247,8.313428571428572,8.5224
2026-07-31,I_030,10.335,4,0,7,31,7.950000000000001,10.971,8.69957142857143,8.5065
2026-08-01,I_030,10.971,5,1,8,1,10.335,11.925,8.608714285714287,8.6072
2026-08-02,I_030,10.494,6,1,8,2,10.971,9.222000000000001,8.472428571428571,8.7079
2026-08-03,I_030,7.154999999999999,0,0,8,3,10.494,6.996,8.654142857142858,8.776800000000001
2026-08-04,I_030,6.837,1,0,8,4,7.154999999999999,5.247,8.676857142857143,8.633700000000001
2026-08-05,I_030,8.268,2,0,8,5,6.837,8.586,8.904,8.527700000000001
2026-08-06,I_030,7.155,3,0,8,6,8.268,7.950000000000001,8.858571428571429,8.5436
2026-08-07,I_030,10.812000000000001,4,0,8,7,7.155,10.335,8.745000000000001,8.5648
2026-08-08,I_030,10.653,5,1,8,8,10.812000000000001,10.971,8.813142857142859,8.6496
2026-08-09,I_030,10.494,6,1,8,9,10.653,10.494,8.767714285714286,8.7662
2026-08-10,I_030,8.427,0,0,8,10,10.494,7.154999999999999,8.767714285714286,8.798
2026-08-11,I_030,8.904,1,0,8,11,8.427,6.837,8.949428571428573,8.591299999999999
2026-08-12,I_030,7.154999999999999,2,0,8,12,8.904,8.268,9.244714285714286,8.5224
2026-08-13,I_030,8.586,3,0,8,13,7.154999999999999,7.155,9.085714285714285,8.4959
2026-08-14,I_030,10.494,4,0,8,14,8.586,10.812000000000001,9.290142857142857,8.559500000000002
2026-08-15,I_030,10.653,5,1,8,15,10.494,10.653,9.244714285714286,8.6549
2026-08-16,I_030,9.858,6,1,8,16,10.653,10.494,9.244714285714284,8.7715
2026-08-17,I_030,7.473000000000001,0,0,8,17,9.858,8.427,9.153857142857143,8.798
2026-08-18,I_030,7.473000000000001,1,0,8,18,7.473000000000001,8.904,9.017571428571427,8.7132
2026-08-19,I_030,8.586,2,0,8,19,7.473000000000001,7.154999999999999,8.813142857142859,8.6549
2026-08-20,I_030,8.586,3,0,8,20,8.586,8.586,9.01757142857143,8.7238
2026-08-21,I_030,12.242999999999999,4,0,8,21,8.586,10.494,9.01757142857143,8.7874
2026-06-23,I_031,1.0712000000000002,1,0,6,23,,,,
2026-06-24,I_031,1.8025000000000002,2,0,6,24,1.0712000000000002,,1.0712000000000002,1.0712000000000002
2026-06-25,I_031,1.6171000000000002,3,0,6,25,1.8025000000000002,,1.4368500000000002,1.4368500000000002
2026-06-26,I_031,1.4935,4,0,6,26,1.6171000000000002,,1.4969333333333334,1.4969333333333334
2026-06-27,I_031,3.4608000000000008,5,1,6,27,1.4935,,1.4960750000000003,1.4960750000000003
2026-06-28,I_031,2.3072000000000004,6,1,6,28,3.4608000000000008,,1.8890200000000004,1.8890200000000004
2026-06-29,I_031,1.5038000000000002,0,0,6,29,2.3072000000000004,,1.9587166666666669,1.9587166666666669
2026-06-30,I_031,1.3802,1,0,6,30,1.5038000000000002,1.0712000000000002,1.8937285714285716,1.8937285714285716
2026-07-01,I_031,1.5347000000000002,2,0,7,1,1.3802,1.8025000000000002,1.937871428571429,1.8295375000000003
2026-07-02,I_031,1.9261000000000001,3,0,7,2,1.5347000000000002,1.6171000000000002,1.8996142857142861,1.796777777777778
2026-07-03,I_031,2.4205,4,0,7,3,1.9261000000000001,1.4935,1.9437571428571432,1.8097100000000002
2026-07-04,I_031,2.3381000000000003,5,1,7,4,2.4205,3.4608000000000008,2.0761857142857143,1.8652363636363638
2026-07-05,I_031,2.1939,6,1,7,5,2.3381000000000003,2.3072000000000004,1.9158000000000002,1.9046416666666668
2026-07-06,I_031,1.6686000000000003,0,0,7,6,2.1939,1.5038000000000002,1.899614285714286,1.926892307692308
2026-07-07,I_031,1.3802000000000003,1,0,7,7,1.6686000000000003,1.3802,1.923157142857143,1.9084428571428573
2026-07-08,I_031,1.9879000000000002,2,0,7,8,1.3802000000000003,1.5347000000000002,1.923157142857143,1.873226666666667
2026-07-09,I_031,1.6274000000000002,3,0,7,9,1.9879000000000002,1.9261000000000001,1.9879,1.8803937500000003
2026-07-10,I_031,2.6986,4,0,7,10,1.6274000000000002,2.4205,1.9452285714285718,1.8655117647058825
2026-07-11,I_031,2.06,5,1,7,11,2.6986,2.3381000000000003,1.9849571428571429,1.9117944444444446
2026-07-12,I_031,1.8437000000000001,6,1,7,12,2.06,2.1939,1.9452285714285718,1.9195947368421056
2026-07-13,I_031,1.5347000000000002,0,0,7,13,1.8437000000000001,1.6686000000000003,1.8952000000000002,1.9158000000000002
2026-07-14,I_031,1.6274000000000002,1,0,7,14,1.5347000000000002,1.3802000000000003,1.8760714285714286,1.897652380952381
2026-07-15,I_031,1.5244,2,0,7,15,1.6274000000000002,1.9879000000000002,1.9113857142857145,1.885368181818182
2026-07-16,I_031,1.1948,3,0,7,16,1.5244,1.6274000000000002,1.845171428571429,1.8696739130434785
2026-07-17,I_031,2.6986,4,0,7,17,1.1948,2.6986,1.7833714285714284,1.8415541666666668
2026-07-18,I_031,2.1630000000000003,5,1,7,18,2.6986,2.06,1.7833714285714286,1.8758360000000003
2026-07-19,I_031,1.8643000000000003,6,1,7,19,2.1630000000000003,1.8437000000000001,1.7980857142857143,1.8868807692307692
2026-07-20,I_031,1.1742000000000001,0,0,7,20,1.8643000000000003,1.5347000000000002,1.8010285714285714,1.8860444444444444
2026-07-21,I_031,1.4008000000000003,1,0,7,21,1.1742000000000001,1.6274000000000002,1.7495285714285715,1.8606214285714289
2026-07-22,I_031,1.2257000000000002,2,0,7,22,1.4008000000000003,1.5244,1.7171571428571428,1.8447655172413795
2026-07-23,I_031,1.4729,3,0,7,23,1.2257000000000002,1.1948,1.6744857142857144,1.8241300000000003
2026-07-24,I_031,2.6677000000000004,4,0,7,24,1.4729,2.6986,1.714214285714286,1.8375200000000003
2026-07-25,I_031,2.1527000000000003,5,1,7,25,2.6677000000000004,2.1630000000000003,1.7098000000000002,1.8663600000000002
2026-07-26,I_031,2.6574000000000004,6,1,7,26,2.1527000000000003,1.8643000000000003,1.7083285714285716,1.8842133333333337
2026-07-27,I_031,1.2257000000000002,0,0,7,27,2.6574000000000004,1.1742000000000001,1.8216285714285718,1.9230100000000003
2026-07-28,I_031,1.4317000000000002,1,0,7,28,1.2257000000000002,1.4008000000000003,1.8289857142857144,1.8485066666666667
2026-07-29,I_031,1.3184000000000002,2,0,7,29,1.4317000000000002,1.2257000000000002,1.8334,1.8193233333333336
2026-07-30,I_031,1.1536,3,0,7,30,1.3184000000000002,1.4729,1.8466428571428573,1.8131433333333333
2026-07-31,I_031,2.06,4,0,7,31,1.1536,2.6677000000000004,1.8010285714285719,1.80559
2026-08-01,I_031,2.575,5,1,8,1,2.06,2.1527000000000003,1.714214285714286,1.8231000000000002
2026-08-02,I_031,2.3587000000000002,6,1,8,2,2.575,2.6574000000000004,1.7745428571428572,1.84473
2026-08-03,I_031,1.1330000000000002,0,0,8,3,2.3587000000000002,1.2257000000000002,1.7318714285714287,1.8426700000000003
2026-08-04,I_031,1.6274000000000002,1,0,8,4,1.1330000000000002,1.4317000000000002,1.7186285714285714,1.8025
2026-08-05,I_031,1.2566000000000002,2,0,8,5,1.6274000000000002,1.3184000000000002,1.7465857142857146,1.7836166666666669
2026-08-06,I_031,1.9570000000000003,3,0,8,6,1.2566000000000002,1.1536,1.737757142857143,1.7698833333333335
2026-08-07,I_031,2.0600000000000005,4,0,8,7,1.9570000000000003,2.06,1.8525285714285715,1.7891100000000002
2026-08-08,I_031,3.0694000000000004,5,1,8,8,2.0600000000000005,2.575,1.8525285714285717,1.7915133333333335
2026-08-09,I_031,1.9364000000000001,6,1,8,9,3.0694000000000004,2.3587000000000002,1.923157142857143,1.8395800000000002
2026-08-10,I_031,1.3802,0,0,8,10,1.9364000000000001,1.1330000000000002,1.8628285714285717,1.8141733333333334
2026-08-11,I_031,1.5038,1,0,8,11,1.3802,1.6274000000000002,1.8981428571428576,1.7915133333333335
2026-08-12,I_031,1.9879000000000002,2,0,8,12,1.5038,1.2566000000000002,1.8804857142857145,1.7801833333333335
2026-08-13,I_031,1.6583,3,0,8,13,1.9879000000000002,1.9570000000000003,1.984957142857143,1.7952900000000003
2026-08-14,I_031,1.5759,4,0,8,14,1.6583,2.0600000000000005,1.9422857142857146,1.7963200000000001
2026-08-15,I_031,2.2969000000000004,5,1,8,15,1.5759,3.0694000000000004,1.8731285714285715,1.798036666666667
2026-08-16,I_031,2.3278000000000003,6,1,8,16,2.2969000000000004,1.9364000000000001,1.7627714285714287,1.8347733333333336
2026-08-17,I_031,1.5759000000000003,0,0,8,17,2.3278000000000003,1.3802,1.8186857142857142,1.8224133333333334
2026-08-18,I_031,1.1433000000000002,1,0,8,18,1.5759000000000003,1.5038,1.8466428571428573,1.8028433333333338
2026-08-19,I_031,1.2051000000000003,2,0,8,19,1.1433000000000002,1.9879000000000002,1.7951428571428572,1.7788100000000002
2026-08-20,I_031,1.6068000000000002,3,0,8,20,1.2051000000000003,1.6583,1.6833142857142858,1.77984
2026-08-21,I_031,1.8231000000000002,4,0,8,21,1.6068000000000002,1.5759,1.6759571428571431,1.7867066666666669
2026-06-23,I_032,1.236,1,0,6,23,,,,
2026-06-24,I_032,1.2978,2,0,6,24,1.236,,1.236,1.236
2026-06-25,I_032,1.6686,3,0,6,25,1.2978,,1.2669000000000001,1.2669000000000001
2026-06-26,I_032,1.854,4,0,6,26,1.6686,,1.4008,1.4008
2026-06-27,I_032,2.2866,5,1,6,27,1.854,,1.5141,1.5141
2026-06-28,I_032,2.2248,6,1,6,28,2.2866,,1.6686,1.6686
2026-06-29,I_032,1.2978,0,0,6,29,2.2248,,1.7613,1.7613
2026-06-30,I_032,1.9776,1,0,6,30,1.2978,1.236,1.6950857142857143,1.6950857142857143
2026-07-01,I_032,1.6068,2,0,7,1,1.9776,1.2978,1.8010285714285712,1.7304
2026-07-02,I_032,1.854,3,0,7,2,1.6068,1.6686,1.8451714285714285,1.7166666666666666
2026-07-03,I_032,2.7192,4,0,7,3,1.854,1.854,1.8716571428571427,1.7304000000000002
2026-07-04,I_032,3.2136,5,1,7,4,2.7192,2.2866,1.9952571428571428,1.820290909090909
2026-07-05,I_032,2.2866,6,1,7,5,3.2136,2.2248,2.127685714285714,1.9364
2026-07-06,I_032,2.163,0,0,7,6,2.2866,1.2978,2.1365142857142856,1.9633384615384615
2026-07-07,I_032,1.1742,1,0,7,7,2.163,1.9776,2.2601142857142853,1.9776
2026-07-08,I_032,1.236,2,0,7,8,1.1742,1.6068,2.145342857142857,1.92404
2026-07-09,I_032,1.4832,3,0,7,9,1.236,1.854,2.0923714285714285,1.8810375
2026-07-10,I_032,1.6686,4,0,7,10,1.4832,2.7192,2.0394,1.857635294117647
2026-07-11,I_032,3.3372,5,1,7,11,1.6686,3.2136,1.8893142857142855,1.847133333333333
2026-07-12,I_032,2.8428,6,1,7,12,3.3372,2.2866,1.9069714285714288,1.9255578947368421
2026-07-13,I_032,1.7922,0,0,7,13,2.8428,2.163,1.9864285714285714,1.9714200000000002
2026-07-14,I_032,1.6068,1,0,7,14,1.7922,1.1742,1.9334571428571432,1.9628857142857141
2026-07-15,I_032,1.4214,2,0,7,15,1.6068,1.236,1.995257142857143,1.9466999999999999
2026-07-16,I_032,1.4832,3,0,7,16,1.4214,1.4832,2.0217428571428573,1.9238608695652175
2026-07-17,I_032,1.854,4,0,7,17,1.4832,1.6686,2.0217428571428573,1.9055
2026-07-18,I_032,2.163,5,1,7,18,1.854,3.3372,2.0482285714285715,1.90344
2026-07-19,I_032,2.3484,6,1,7,19,2.163,2.8428,1.880485714285714,1.9134230769230771
2026-07-20,I_032,1.6068,0,0,7,20,2.3484,1.7922,1.8098571428571428,1.9295333333333333
2026-07-21,I_032,1.545,1,0,7,21,1.6068,1.6068,1.7833714285714284,1.9180071428571428
2026-07-22,I_032,1.854,2,0,7,22,1.545,1.4214,1.774542857142857,1.905144827586207
2026-07-23,I_032,1.9776,3,0,7,23,1.854,1.4832,1.836342857142857,1.90344
2026-07-24,I_032,1.6686,4,0,7,24,1.9776,1.854,1.9069714285714283,1.9281600000000003
2026-07-25,I_032,3.8316,5,1,7,25,1.6686,2.163,1.880485714285714,1.94052
2026-07-26,I_032,2.7192,6,1,7,26,3.8316,2.3484,2.1188571428571428,2.01262
2026-07-27,I_032,2.2248,0,0,7,27,2.7192,1.6068,2.171828571428571,2.04146
2026-07-28,I_032,2.1012,1,0,7,28,2.2248,1.545,2.2601142857142857,2.0394
2026-07-29,I_032,1.9776,2,0,7,29,2.1012,1.854,2.3395714285714284,2.0352799999999998
2026-07-30,I_032,1.3596,3,0,7,30,1.9776,1.9776,2.3572285714285712,2.05794
2026-07-31,I_032,2.2248,4,0,7,31,1.3596,1.6686,2.268942857142857,2.03734
2026-08-01,I_032,2.5338,5,1,8,1,2.2248,3.8316,2.3484000000000003,2.05794
2026-08-02,I_032,2.163,6,1,8,2,2.5338,2.7192,2.163,2.0806
2026-08-03,I_032,1.6686,0,0,8,3,2.163,2.2248,2.083542857142857,2.06206
2026-08-04,I_032,1.7922,1,0,8,4,1.6686,2.1012,2.004085714285714,2.01056
2026-08-05,I_032,0.9888,2,0,8,5,1.7922,1.9776,1.9599428571428572,1.9940799999999999
2026-08-06,I_032,2.163,3,0,8,6,0.9888,1.3596,1.8186857142857142,1.9549400000000001
2026-08-07,I_032,1.6068,4,0,8,7,2.163,2.2248,1.933457142857143,1.9879
2026-08-08,I_032,2.1012,5,1,8,8,1.6068,2.5338,1.8451714285714285,2.00026
2026-08-09,I_032,2.5338,6,1,8,9,2.1012,2.163,1.7833714285714284,2.02086
2026-08-10,I_032,1.9158,0,0,8,10,2.5338,1.6686,1.836342857142857,2.0497
2026-08-11,I_032,2.0394,1,0,8,11,1.9158,1.7922,1.8716571428571427,2.00232
2026-08-12,I_032,1.7304,2,0,8,12,2.0394,0.9888,1.9069714285714283,1.9755399999999999
2026-08-13,I_032,1.4214,3,0,8,13,1.7304,2.163,2.0129142857142854,1.97348
2026-08-14,I_032,1.9158,4,0,8,14,1.4214,1.6068,1.9069714285714283,1.9673000000000003
2026-08-15,I_032,2.7192,5,1,8,15,1.9158,2.1012,1.9511142857142858,1.9837799999999999
2026-08-16,I_032,2.1012,6,1,8,16,2.7192,2.5338,2.0393999999999997,2.0249800000000002
2026-08-17,I_032,1.6686,0,0,8,17,2.1012,1.9158,1.9776,2.03322
2026-08-18,I_032,1.1124,1,0,8,18,1.6686,2.0394,1.9422857142857144,2.01674
2026-08-19,I_032,2.163,2,0,8,19,1.1124,1.7304,1.8098571428571428,1.9755399999999999
2026-08-20,I_032,2.3484,3,0,8,20,2.163,1.4214,1.8716571428571427,1.99408
2026-08-21,I_032,1.7304,4,0,8,21,2.3484,1.9158,2.004085714285714,2.02086
2026-06-23,I_033,1.3596,1,0,6,23,,,,
2026-06-24,I_033,1.1896499999999999,2,0,6,24,1.3596,,1.3596,1.3596
2026-06-25,I_033,1.07635,3,0,6,25,1.1896499999999999,,1.274625,1.274625
2026-06-26,I_033,1.52955,4,0,6,26,1.07635,,1.2085333333333332,1.2085333333333332
2026-06-27,I_033,2.77585,5,1,6,27,1.52955,,1.2887875,1.2887875
2026-06-28,I_033,1.98275,6,1,6,28,2.77585,,1.5862,1.5862
2026-06-29,I_033,0.96305,0,0,6,29,1.98275,,1.6522916666666667,1.6522916666666667
2026-06-30,I_033,1.0197,1,0,6,30,0.96305,1.3596,1.5538285714285713,1.5538285714285713
2026-07-01,I_033,1.2463,2,0,7,1,1.0197,1.1896499999999999,1.5052714285714284,1.4870625
2026-07-02,I_033,1.52955,3,0,7,2,1.2463,1.07635,1.5133642857142855,1.4603111111111111
2026-07-03,I_033,2.4926,4,0,7,3,1.52955,1.52955,1.5781071428571427,1.467235
2026-07-04,I_033,2.266,5,1,7,4,2.4926,2.77585,1.7156857142857145,1.5604500000000001
2026-07-05,I_033,1.86945,6,1,7,5,2.266,1.98275,1.6428499999999997,1.6192458333333333
2026-07-06,I_033,1.0197,0,0,7,6,1.86945,0.96305,1.6266642857142857,1.6384923076923077
2026-07-07,I_033,1.41625,1,0,7,7,1.0197,1.0197,1.634757142857143,1.5942928571428572
2026-07-08,I_033,1.30295,2,0,7,8,1.41625,1.2463,1.6914071428571429,1.5824233333333335
2026-07-09,I_033,1.6995,3,0,7,9,1.30295,1.52955,1.6995000000000002,1.56495625
2026-07-10,I_033,1.86945,4,0,7,10,1.6995,2.4926,1.7237785714285714,1.5728705882352942
2026-07-11,I_033,2.4926,5,1,7,11,1.86945,2.266,1.634757142857143,1.5893472222222222
2026-07-12,I_033,1.6995,6,1,7,12,2.4926,1.86945,1.6671285714285713,1.6368868421052631
2026-07-13,I_033,1.2463,0,0,7,13,1.6995,1.0197,1.64285,1.6400175000000001
2026-07-14,I_033,1.30295,1,0,7,14,1.2463,1.41625,1.6752214285714284,1.6212690476190477
2026-07-15,I_033,1.41625,2,0,7,15,1.30295,1.30295,1.6590357142857144,1.6068
2026-07-16,I_033,1.30295,3,0,7,16,1.41625,1.6995,1.6752214285714284,1.5985152173913044
2026-07-17,I_033,1.86945,4,0,7,17,1.30295,1.86945,1.6185714285714283,1.5862
2026-07-18,I_033,1.98275,5,1,7,18,1.86945,2.4926,1.6185714285714285,1.5975300000000001
2026-07-19,I_033,1.7561499999999999,6,1,7,19,1.98275,1.6995,1.5457357142857142,1.6123461538461539
2026-07-20,I_033,1.2463,0,0,7,20,1.7561499999999999,1.2463,1.5538285714285716,1.6176722222222222
2026-07-21,I_033,1.4728999999999999,1,0,7,21,1.2463,1.30295,1.5538285714285716,1.6044089285714287
2026-07-22,I_033,0.7931,2,0,7,22,1.4728999999999999,1.41625,1.5781071428571427,1.5998741379310344
2026-07-23,I_033,1.4728999999999999,3,0,7,23,0.7931,1.30295,1.4890857142857143,1.5729816666666667
2026-07-24,I_033,1.98275,4,0,7,24,1.4728999999999999,1.86945,1.5133642857142857,1.5767583333333335
2026-07-25,I_033,1.7561499999999999,5,1,7,25,1.98275,1.98275,1.52955,1.603195
2026-07-26,I_033,2.1527,6,1,7,26,1.7561499999999999,1.7561499999999999,1.4971785714285712,1.625855
2026-07-27,I_033,1.5862,0,0,7,27,2.1527,1.2463,1.5538285714285713,1.6466266666666667
2026-07-28,I_033,0.96305,1,0,7,28,1.5862,1.4728999999999999,1.6023857142857143,1.6069716666666667
2026-07-29,I_033,1.2463,2,0,7,29,0.96305,0.7931,1.52955,1.5729816666666667
2026-07-30,I_033,1.1896499999999999,3,0,7,30,1.2463,1.4728999999999999,1.594292857142857,1.5824233333333333
2026-07-31,I_033,1.6995,4,0,7,31,1.1896499999999999,1.98275,1.5538285714285713,1.588088333333333
2026-08-01,I_033,2.32265,5,1,8,1,1.6995,1.7561499999999999,1.5133642857142857,1.603195
2026-08-02,I_033,2.32265,6,1,8,2,2.32265,2.1527,1.5942928571428572,1.6296316666666664
2026-08-03,I_033,0.7364499999999999,0,0,8,3,2.32265,1.5862,1.6185714285714283,1.6239666666666668
2026-08-04,I_033,1.6995,1,0,8,4,0.7364499999999999,0.96305,1.4971785714285712,1.5729816666666665
2026-08-05,I_033,1.4728999999999999,2,0,8,5,1.6995,1.2463,1.6023857142857143,1.5673166666666665
2026-08-06,I_033,1.8128,3,0,8,6,1.4728999999999999,1.1896499999999999,1.634757142857143,1.5824233333333333
2026-08-07,I_033,2.09605,4,0,8,7,1.8128,1.6995,1.7237785714285714,1.5956416666666664
2026-08-08,I_033,2.4926,5,1,8,8,2.09605,2.32265,1.7804285714285712,1.6220783333333335
2026-08-09,I_033,1.3596,6,1,8,9,2.4926,2.32265,1.8047071428571428,1.648515
2026-08-10,I_033,1.0197,0,0,8,10,1.3596,0.7364499999999999,1.6671285714285715,1.6315199999999999
2026-08-11,I_033,1.3596,1,0,8,11,1.0197,1.6995,1.7075928571428574,1.5824233333333333
2026-08-12,I_033,1.30295,2,0,8,12,1.3596,1.4728999999999999,1.6590357142857144,1.5710933333333332
2026-08-13,I_033,1.1896499999999999,3,0,8,13,1.30295,1.8128,1.6347571428571428,1.5729816666666667
2026-08-14,I_033,1.3596,4,0,8,14,1.1896499999999999,2.09605,1.5457357142857142,1.569205
2026-08-15,I_033,2.1527,5,1,8,15,1.3596,2.4926,1.4405285714285714,1.5673166666666667
2026-08-16,I_033,2.0394,6,1,8,16,2.1527,1.3596,1.3919714285714286,1.5956416666666664
2026-08-17,I_033,0.96305,0,0,8,17,2.0394,1.0197,1.4890857142857143,1.6013066666666664
2026-08-18,I_033,1.3596,1,0,8,18,0.96305,1.3596,1.480992857142857,1.5673166666666667
2026-08-19,I_033,1.133,2,0,8,19,1.3596,1.30295,1.480992857142857,1.5540983333333334
2026-08-20,I_033,1.64285,3,0,8,20,1.133,1.1896499999999999,1.4567142857142856,1.5503216666666664
2026-08-21,I_033,2.0394,4,0,8,21,1.64285,1.3596,1.5214571428571428,1.5559866666666666
2026-06-23,I_034,1.7496,1,0,6,23,,,,
2026-06-24,I_034,2.3328,2,0,6,24,1.7496,,1.7496,1.7496
2026-06-25,I_034,1.7496,3,0,6,25,2.3328,,2.0412,2.0412
2026-06-26,I_034,2.9160000000000004,4,0,6,26,1.7496,,1.9440000000000002,1.9440000000000002
2026-06-27,I_034,1.1664,5,1,6,27,2.9160000000000004,,2.1870000000000003,2.1870000000000003
2026-06-28,I_034,2.9160000000000004,6,1,6,28,1.1664,,1.9828800000000002,1.9828800000000002
2026-06-29,I_034,1.9440000000000002,0,0,6,29,2.9160000000000004,,2.1384000000000003,2.1384000000000003
2026-06-30,I_034,1.3608000000000002,1,0,6,30,1.9440000000000002,1.7496,2.1106285714285717,2.1106285714285717
2026-07-01,I_034,1.1664,2,0,7,1,1.3608000000000002,2.3328,2.0550857142857146,2.0169
2026-07-02,I_034,1.3608000000000002,3,0,7,2,1.1664,1.7496,1.888457142857143,1.9224
2026-07-03,I_034,2.3328,4,0,7,3,1.3608000000000002,2.9160000000000004,1.832914285714286,1.8662400000000001
2026-07-04,I_034,2.7216000000000005,5,1,7,4,2.3328,1.1664,1.7496000000000003,1.9086545454545456
2026-07-05,I_034,0.9720000000000001,6,1,7,5,2.7216000000000005,2.9160000000000004,1.971771428571429,1.9764000000000002
2026-07-06,I_034,0.9720000000000001,0,0,7,6,0.9720000000000001,1.9440000000000002,1.6940571428571432,1.8991384615384619
2026-07-07,I_034,0.9720000000000001,1,0,7,7,0.9720000000000001,1.3608000000000002,1.5552,1.832914285714286
2026-07-08,I_034,1.3608000000000002,2,0,7,8,0.9720000000000001,1.1664,1.4996571428571432,1.7755200000000002
2026-07-09,I_034,0.9720000000000001,3,0,7,9,1.3608000000000002,1.3608000000000002,1.5274285714285718,1.7496000000000003
2026-07-10,I_034,2.5272,4,0,7,10,0.9720000000000001,2.3328,1.4718857142857147,1.7038588235294119
2026-07-11,I_034,2.7216000000000005,5,1,7,11,2.5272,2.7216000000000005,1.4996571428571428,1.7496
2026-07-12,I_034,1.7496,6,1,7,12,2.7216000000000005,0.9720000000000001,1.4996571428571428,1.8007578947368423
2026-07-13,I_034,0.5832,0,0,7,13,1.7496,0.9720000000000001,1.6107428571428575,1.7982000000000002
2026-07-14,I_034,1.1664,1,0,7,14,0.5832,0.9720000000000001,1.5552000000000004,1.7403428571428574
2026-07-15,I_034,0.7776000000000001,2,0,7,15,1.1664,1.3608000000000002,1.5829714285714285,1.7142545454545457
2026-07-16,I_034,1.3608000000000002,3,0,7,16,0.7776000000000001,0.9720000000000001,1.4996571428571432,1.673530434782609
2026-07-17,I_034,2.3328,4,0,7,17,1.3608000000000002,2.5272,1.5552,1.6605
2026-07-18,I_034,2.3328,5,1,7,18,2.3328,2.7216000000000005,1.5274285714285718,1.687392
2026-07-19,I_034,1.7496,6,1,7,19,2.3328,1.7496,1.4718857142857142,1.7122153846153847
2026-07-20,I_034,0.9720000000000001,0,0,7,20,1.7496,0.5832,1.4718857142857142,1.7136
2026-07-21,I_034,0.9720000000000001,1,0,7,21,0.9720000000000001,1.1664,1.5274285714285714,1.6871142857142858
2026-07-22,I_034,0.9720000000000001,2,0,7,22,0.9720000000000001,0.7776000000000001,1.4996571428571432,1.6624551724137933
2026-07-23,I_034,1.9440000000000002,3,0,7,23,0.9720000000000001,1.3608000000000002,1.5274285714285718,1.6394400000000002
2026-07-24,I_034,2.3328,4,0,7,24,1.9440000000000002,2.3328,1.6107428571428575,1.64592
2026-07-25,I_034,2.1384000000000003,5,1,7,25,2.3328,2.3328,1.610742857142857,1.6459200000000003
2026-07-26,I_034,2.5272,6,1,7,26,2.1384000000000003,1.7496,1.5829714285714285,1.6588800000000001
2026-07-27,I_034,0.9720000000000001,0,0,7,27,2.5272,0.9720000000000001,1.6940571428571432,1.6459200000000003
2026-07-28,I_034,0.7776000000000001,1,0,7,28,0.9720000000000001,0.9720000000000001,1.6940571428571432,1.6394400000000002
2026-07-29,I_034,1.3608000000000002,2,0,7,29,0.7776000000000001,0.9720000000000001,1.6662857142857141,1.56816
2026-07-30,I_034,1.3608000000000002,3,0,7,30,1.3608000000000002,1.9440000000000002,1.7218285714285717,1.54872
2026-07-31,I_034,1.9440000000000002,4,0,7,31,1.3608000000000002,2.3328,1.638514285714286,1.54872
2026-08-01,I_034,1.1664,5,1,8,1,1.9440000000000002,2.1384000000000003,1.582971428571429,1.57464
2026-08-02,I_034,1.7496,6,1,8,2,1.1664,2.5272,1.4441142857142857,1.56816
2026-08-03,I_034,0.7776000000000001,0,0,8,3,1.7496,0.9720000000000001,1.3330285714285715,1.54872
2026-08-04,I_034,1.3608000000000002,1,0,8,4,0.7776000000000001,0.7776000000000001,1.305257142857143,1.4839200000000003
2026-08-05,I_034,0.38880000000000003,2,0,8,5,1.3608000000000002,1.3608000000000002,1.388571428571429,1.4968800000000002
2026-08-06,I_034,1.7496,3,0,8,6,0.38880000000000003,1.3608000000000002,1.2497142857142858,1.4774400000000003
2026-08-07,I_034,1.9440000000000002,4,0,8,7,1.7496,1.9440000000000002,1.305257142857143,1.5033600000000003
2026-08-08,I_034,2.1384000000000003,5,1,8,8,1.9440000000000002,1.1664,1.305257142857143,1.5228000000000002
2026-08-09,I_034,2.1384000000000003,6,1,8,9,2.1384000000000003,1.7496,1.4441142857142861,1.5616800000000002
2026-08-10,I_034,0.9720000000000001,0,0,8,10,2.1384000000000003,0.7776000000000001,1.4996571428571428,1.54872
2026-08-11,I_034,1.1664,1,0,8,11,0.9720000000000001,1.3608000000000002,1.5274285714285718,1.4904000000000002
2026-08-12,I_034,1.1664,2,0,8,12,1.1664,0.38880000000000003,1.4996571428571432,1.47096
2026-08-13,I_034,1.5552000000000001,3,0,8,13,1.1664,1.7496,1.610742857142857,1.4904000000000002
2026-08-14,I_034,2.9160000000000004,4,0,8,14,1.5552000000000001,1.9440000000000002,1.582971428571429,1.50336
2026-08-15,I_034,1.1664,5,1,8,15,2.9160000000000004,2.1384000000000003,1.7218285714285717,1.57464
2026-08-16,I_034,2.3328,6,1,8,16,1.1664,2.1384000000000003,1.5829714285714285,1.56816
2026-08-17,I_034,0.7776000000000001,0,0,8,17,2.3328,0.9720000000000001,1.6107428571428575,1.5681600000000002
2026-08-18,I_034,2.1384000000000003,1,0,8,18,0.7776000000000001,1.1664,1.5829714285714285,1.5163200000000003
2026-08-19,I_034,1.3608000000000002,2,0,8,19,2.1384000000000003,1.1664,1.7218285714285717,1.5292800000000002
2026-08-20,I_034,1.3608000000000002,3,0,8,20,1.3608000000000002,1.5552000000000001,1.7496000000000005,1.54224
2026-08-21,I_034,1.9440000000000002,4,0,8,21,1.3608000000000002,2.9160000000000004,1.7218285714285717,1.5552000000000001
